40.00,10.35 
40.01,10.42 
40.02,10.41 
40.03,10.36 
40.04,10.28 
40.05,10.22 
40.06,10.18 
40.07,10.17 
40.08,10.17 
40.09,10.19 
40.10,10.19 
40.11,10.16 
40.12,10.13 
40.13,10.09 
40.14,10.04 
40.15,10.00 
40.16,9.95 
40.17,9.93 
40.18,9.95 
40.19,9.97 
40.20,10.02 
40.21,10.08 
40.22,10.11 
40.23,10.10 
40.24,10.12 
40.25,10.17 
40.26,10.17 
40.27,10.13 
40.28,10.08 
40.29,10.09 
40.30,10.12 
40.31,10.21 
40.32,10.26 
40.33,10.22 
40.34,10.17 
40.35,10.21 
40.36,10.30 
40.37,10.30 
40.38,10.27 
40.39,10.25 
40.40,10.24 
40.41,10.19 
40.42,10.12 
40.43,10.08 
40.44,9.99 
40.45,9.99 
40.46,10.03 
40.47,10.01 
40.48,9.93 
40.49,9.92 
40.50,9.95 
40.51,9.86 
40.52,9.73 
40.53,9.65 
40.54,9.72 
40.55,9.84 
40.56,9.77 
40.57,9.70 
40.58,9.51 
40.59,9.39 
40.60,9.68 
40.61,9.70 
40.62,9.60 
40.63,9.27 
40.64,9.23 
40.65,9.39 
40.66,9.40 
40.67,9.41 
40.68,9.42 
40.69,9.73 
40.70,9.76 
40.71,9.69 
40.72,9.73 
40.73,9.81 
40.74,9.95 
40.75,10.01 
40.76,9.99 
40.77,10.03 
40.78,10.66 
40.79,11.15 
40.80,10.73 
40.81,10.49 
40.82,10.86 
40.83,10.56 
40.84,10.18 
40.85,10.56 
40.86,10.47 
40.87,10.01 
40.88,9.94 
40.89,10.08 
40.90,9.66 
40.91,8.78 
40.92,8.85 
40.93,9.55 
40.94,10.10 
40.95,10.01 
40.96,9.35 
40.97,9.32 
40.98,9.48 
40.99,9.67 
41.00,9.85 
41.01,9.77 
41.02,9.59 
41.03,9.24 
41.04,9.38 
41.05,9.53 
41.06,10.03 
41.07,10.37 
41.08,10.77 
41.09,10.59 
41.10,10.67 
41.11,10.35 
41.12,10.35 
41.13,10.40 
41.14,10.40 
41.15,10.53 
41.16,10.52 
41.17,10.80 
41.18,10.44 
41.19,10.00 
41.20,9.59 
41.21,9.49 
41.22,10.01 
41.23,10.21 
41.24,10.36 
41.25,9.88 
41.26,9.80 
41.27,9.67 
41.28,9.92 
41.29,9.89 
41.30,9.83 
41.31,9.82 
41.32,10.32 
41.33,10.56 
41.34,11.01 
41.35,11.00 
41.36,11.27 
41.37,11.42 
41.38,10.98 
41.39,10.15 
41.40,7.03 
41.41,7.12 
41.42,10.98 
41.43,11.48 
41.44,10.09 
41.45,9.91 
41.46,9.37 
41.47,9.95 
41.48,10.59 
41.49,10.36 
41.50,9.77 
41.51,10.24 
41.52,10.55 
41.53,10.38 
41.54,10.34 
41.55,10.32 
41.56,9.88 
41.57,10.14 
41.58,10.14 
41.59,10.15 
41.60,9.93 
41.61,10.06 
41.62,10.01 
41.63,10.00 
41.64,10.07 
41.65,10.13 
41.66,9.96 
41.67,9.96 
41.68,10.01 
41.69,9.87 
41.70,9.88 
41.71,9.89 
41.72,10.00 
41.73,9.96 
41.74,10.14 
41.75,10.10 
41.76,10.26 
41.77,10.19 
41.78,10.30 
41.79,10.12 
41.80,10.07 
41.81,9.96 
41.82,9.83 
41.83,10.19 
41.84,9.98 
41.85,10.11 
41.86,10.09 
41.87,10.21 
41.88,10.17 
41.89,10.18 
41.90,10.35 
41.91,10.23 
41.92,10.33 
41.93,10.36 
41.94,10.06 
41.95,10.05 
41.96,9.81 
41.97,9.96 
41.98,9.93 
41.99,9.96 
42.00,10.12 
42.01,10.07 
42.02,10.05 
42.03,10.02 
42.04,9.99 
42.05,10.10 
42.06,9.94 
42.07,9.95 
42.08,9.99 
42.09,9.67 
42.10,9.70 
42.11,9.73 
42.12,9.89 
42.13,9.96 
42.14,9.88 
42.15,10.08 
42.16,10.34 
42.17,10.34 
42.18,10.29 
42.19,10.50 
42.20,10.49 
42.21,10.31 
42.22,10.31 
42.23,10.20 
42.24,10.01 
42.25,10.01 
42.26,10.05 
42.27,10.20 
42.28,10.49 
42.29,10.12 
42.30,10.05 
42.31,9.67 
42.32,9.56 
42.33,9.33 
42.34,9.67 
42.35,9.83 
42.36,9.84 
42.37,9.75 
42.38,9.52 
42.39,9.73 
42.40,9.96 
42.41,10.21 
42.42,10.37 
42.43,10.42 
42.44,10.30 
42.45,10.30 
42.46,10.24 
42.47,10.46 
42.48,10.61 
42.49,10.44 
42.50,10.14 
42.51,9.84 
42.52,9.87 
42.53,9.90 
42.54,9.89 
42.55,9.85 
42.56,10.07 
42.57,10.19 
42.58,10.18 
42.59,10.08 
42.60,10.15 
42.61,10.14 
42.62,10.02 
42.63,10.02 
42.64,10.01 
42.65,10.08 
42.66,10.18 
42.67,10.08 
42.68,10.01 
42.69,10.19 
42.70,10.24 
42.71,10.26 
42.72,10.18 
42.73,10.12 
42.74,10.16 
42.75,10.30 
42.76,10.34 
42.77,10.34 
42.78,10.23 
42.79,10.03 
42.80,10.05 
42.81,10.12 
42.82,10.22 
42.83,10.20 
42.84,10.18 
42.85,10.43 
42.86,10.77 
42.87,10.64 
42.88,10.39 
42.89,10.10 
42.90,10.24 
42.91,10.33 
42.92,10.35 
42.93,10.29 
42.94,10.36 
42.95,10.41 
42.96,10.17 
42.97,10.05 
42.98,10.00 
42.99,10.22 
43.00,10.16 
43.01,10.22 
43.02,10.13 
43.03,9.98 
43.04,10.08 
43.05,10.23 
43.06,10.17 
43.07,10.06 
43.08,10.17 
43.09,10.14 
43.10,10.38 
43.11,9.98 
43.12,9.47 
43.13,9.39 
43.14,9.74 
43.15,9.88 
43.16,9.94 
43.17,9.50 
43.18,9.26 
43.19,10.52 
43.20,11.66 
43.21,11.12 
43.22,10.62 
43.23,10.61 
43.24,11.66 
43.25,12.40 
43.26,11.14 
43.27,9.36 
43.28,9.65 
43.29,10.47 
43.30,10.97 
43.31,10.63 
43.32,10.55 
43.33,10.19 
43.34,9.84 
43.35,9.79 
43.36,9.66 
43.37,9.87 
43.38,9.82 
43.39,9.77 
43.40,9.57 
43.41,9.02 
43.42,8.88 
43.43,9.34 
43.44,10.16 
43.45,11.12 
43.46,11.33 
43.47,11.14 
43.48,10.51 
43.49,9.75 
43.50,9.62 
43.51,9.91 
43.52,10.09 
43.53,9.75 
43.54,9.62 
43.55,9.64 
43.56,9.45 
43.57,9.57 
43.58,9.83 
43.59,10.04 
43.60,10.35 
43.61,10.51 
43.62,10.67 
43.63,11.02 
43.64,10.87 
43.65,10.39 
43.66,10.22 
43.67,9.98 
43.68,9.29 
43.69,8.60 
43.70,8.83 
43.71,9.50 
43.72,10.18 
43.73,9.82 
43.74,8.72 
43.75,6.69 
43.76,5.59 
43.77,6.84 
43.78,9.33 
43.79,10.56 
43.80,10.30 
43.81,10.40 
43.82,10.09 
43.83,9.37 
43.84,8.77 
43.85,8.77 
43.86,9.41 
43.87,10.08 
43.88,10.37 
43.89,10.36 
43.90,10.18 
43.91,10.01 
43.92,9.93 
43.93,10.19 
43.94,10.32 
43.95,10.74 
43.96,11.27 
43.97,11.63 
43.98,11.98 
43.99,12.12 
44.00,11.74 
44.01,11.18 
44.02,10.84 
44.03,10.38 
44.04,9.83 
44.05,9.44 
44.06,9.33 
44.07,9.08 
44.08,8.67 
44.09,8.09 
44.10,7.74 
44.11,6.64 
44.12,5.98 
44.13,5.41 
44.14,5.21 
44.15,7.88 
44.16,13.47 
44.17,16.18 
44.18,13.10 
44.19,8.77 
44.20,8.23 
44.21,10.46 
44.22,11.15 
44.23,10.80 
44.24,11.41 
44.25,12.50 
44.26,13.26 
44.27,12.84 
44.28,12.45 
44.29,12.50 
44.30,12.62 
44.31,12.49 
44.32,12.51 
44.33,12.62 
44.34,12.54 
44.35,12.05 
44.36,11.65 
44.37,11.25 
44.38,10.78 
44.39,9.96 
44.40,8.45 
44.41,6.90 
44.42,5.47 
44.43,4.14 
44.44,2.59 
44.45,0.86 
44.46,-1.02 
44.47,-2.77 
44.48,-3.13 
44.49,-3.01 
44.50,-2.81 
44.51,13.49 
44.52,29.91 
44.53,37.57 
44.54,26.81 
44.55,8.22 
44.56,-3.84 
44.57,-4.04 
44.58,3.55 
44.59,10.51 
44.60,13.26 
44.61,14.00 
44.62,15.09 
44.63,16.68 
44.64,17.56 
44.65,17.66 
44.66,17.94 
44.67,18.21 
44.68,17.55 
44.69,16.89 
44.70,16.15 
44.71,14.90 
44.72,13.91 
44.73,13.03 
44.74,12.46 
44.75,11.38 
44.76,10.48 
44.77,9.68 
44.78,9.16 
44.79,8.81 
44.80,8.46 
44.81,8.24 
44.82,7.93 
44.83,7.75 
44.84,7.49 
44.85,7.35 
44.86,7.16 
44.87,7.13 
44.88,7.27 
44.89,7.59 
44.90,8.02 
44.91,8.42 
44.92,8.49 
44.93,8.54 
44.94,8.78 
44.95,8.98 
44.96,9.52 
44.97,10.08 
44.98,10.45 
44.99,10.75 
45.00,11.17 
45.01,11.45 
45.02,11.70 
45.03,11.89 
45.04,11.86 
45.05,11.74 
45.06,11.73 
45.07,11.58 
45.08,11.38 
45.09,10.96 
45.10,10.79 
45.11,10.56 
45.12,10.45 
45.13,10.26 
45.14,10.16 
45.15,10.03 
45.16,9.93 
45.17,9.82 
45.18,9.73 
45.19,9.53 
45.20,9.46 
45.21,9.64 
45.22,9.60 
45.23,9.73 
45.24,9.90 
45.25,9.84 
45.26,10.00 
45.27,10.11 
45.28,10.36 
45.29,10.45 
45.30,10.43 
45.31,10.48 
45.32,10.52 
45.33,10.46 
45.34,10.39 
45.35,10.24 
45.36,10.35 
45.37,10.54 
45.38,10.63 
45.39,10.51 
45.40,10.36 
45.41,10.41 
45.42,10.40 
45.43,10.27 
45.44,10.38 
45.45,10.41 
45.46,10.39 
45.47,10.57 
45.48,10.66 
45.49,10.76 
45.50,10.84 
45.51,10.72 
45.52,10.98 
45.53,10.85 
45.54,10.74 
45.55,10.76 
45.56,10.67 
45.57,10.68 
45.58,10.77 
45.59,10.65 
45.60,10.66 
45.61,10.38 
45.62,10.45 
45.63,10.42 
45.64,10.35 
45.65,10.40 
45.66,10.42 
45.67,10.25 
45.68,10.28 
45.69,10.35 
45.70,9.79 
45.71,9.91 
45.72,10.01 
45.73,10.11 
45.74,9.96 
45.75,9.68 
45.76,9.78 
45.77,10.17 
45.78,10.30 
45.79,10.35 
45.80,10.55 
45.81,10.57 
45.82,10.63 
45.83,10.75 
45.84,10.81 
45.85,10.91 
45.86,10.86 
45.87,10.90 
45.88,10.94 
45.89,10.81 
45.90,10.84 
45.91,10.84 
45.92,10.84 
45.93,10.56 
45.94,10.51 
45.95,10.47 
45.96,10.37 
45.97,10.23 
45.98,10.21 
45.99,10.17 
46.00,10.10 
46.01,10.00 
46.02,9.94 
46.03,9.85 
46.04,9.97 
46.05,10.02 
46.06,10.18 
46.07,10.07 
46.08,10.15 
46.09,10.20 
46.10,10.16 
46.11,10.32 
46.12,10.54 
46.13,10.60 
46.14,10.55 
46.15,10.56 
46.16,10.34 
46.17,10.34 
46.18,10.45 
46.19,10.49 
46.20,10.54 
46.21,10.39 
46.22,10.37 
46.23,10.48 
46.24,10.40 
46.25,10.51 
46.26,10.52 
46.27,10.47 
46.28,10.34 
46.29,10.30 
46.30,10.33 
46.31,10.38 
46.32,10.38 
46.33,10.19 
46.34,10.18 
46.35,10.09 
46.36,10.04 
46.37,10.08 
46.38,9.97 
46.39,9.93 
46.40,9.85 
46.41,9.66 
46.42,9.79 
46.43,9.96 
46.44,9.96 
46.45,10.23 
46.46,10.44 
46.47,10.58 
46.48,10.63 
46.49,10.69 
46.50,10.73 
46.51,10.57 
46.52,10.66 
46.53,10.53 
46.54,10.45 
46.55,10.62 
46.56,10.49 
46.57,10.30 
46.58,10.29 
46.59,10.35 
46.60,10.48 
46.61,10.38 
46.62,10.51 
46.63,10.65 
46.64,10.75 
46.65,10.86 
46.66,10.43 
46.67,10.65 
46.68,10.61 
46.69,10.66 
46.70,10.89 
46.71,10.83 
46.72,10.70 
46.73,10.81 
46.74,10.74 
46.75,10.81 
46.76,10.57 
46.77,10.43 
46.78,10.46 
46.79,10.46 
46.80,10.65 
46.81,10.58 
46.82,10.59 
46.83,10.70 
46.84,10.65 
46.85,10.72 
46.86,10.47 
46.87,10.59 
46.88,10.64 
46.89,10.61 
46.90,10.63 
46.91,10.65 
46.92,10.74 
46.93,10.68 
46.94,10.65 
46.95,10.53 
46.96,10.47 
46.97,10.58 
46.98,10.46 
46.99,10.40 
47.00,10.47 
47.01,10.50 
47.02,10.64 
47.03,10.61 
47.04,10.63 
47.05,10.69 
47.06,10.80 
47.07,10.88 
47.08,10.74 
47.09,10.92 
47.10,11.01 
47.11,10.87 
47.12,10.76 
47.13,10.98 
47.14,10.86 
47.15,10.91 
47.16,10.65 
47.17,10.83 
47.18,10.61 
47.19,10.55 
47.20,10.58 
47.21,10.40 
47.22,10.46 
47.23,10.24 
47.24,10.33 
47.25,10.44 
47.26,10.53 
47.27,10.42 
47.28,10.56 
47.29,10.54 
47.30,10.43 
47.31,10.45 
47.32,10.52 
47.33,10.47 
47.34,10.51 
47.35,10.54 
47.36,10.66 
47.37,10.68 
47.38,11.02 
47.39,10.74 
47.40,10.81 
47.41,10.90 
47.42,10.94 
47.43,11.01 
47.44,10.84 
47.45,10.80 
47.46,10.79 
47.47,10.75 
47.48,11.00 
47.49,11.15 
47.50,11.23 
47.51,11.13 
47.52,10.80 
47.53,10.44 
47.54,10.12 
47.55,10.06 
47.56,10.24 
47.57,10.18 
47.58,10.09 
47.59,9.97 
47.60,9.82 
47.61,9.77 
47.62,9.72 
47.63,9.80 
47.64,9.95 
47.65,9.96 
47.66,10.23 
47.67,10.05 
47.68,10.10 
47.69,10.18 
47.70,10.47 
47.71,10.60 
47.72,10.79 
47.73,10.81 
47.74,10.90 
47.75,11.08 
47.76,11.07 
47.77,10.89 
47.78,11.07 
47.79,11.33 
47.80,11.59 
47.81,11.62 
47.82,11.58 
47.83,11.51 
47.84,11.59 
47.85,11.58 
47.86,11.49 
47.87,11.21 
47.88,11.35 
47.89,11.21 
47.90,11.14 
47.91,10.87 
47.92,10.38 
47.93,9.99 
47.94,10.02 
47.95,9.95 
47.96,9.59 
47.97,9.12 
47.98,8.77 
47.99,8.12 
48.00,8.79 
48.01,10.01 
48.02,10.42 
48.03,10.03 
48.04,9.40 
48.05,9.27 
48.06,9.98 
48.07,10.40 
48.08,10.30 
48.09,10.28 
48.10,10.22 
48.11,10.56 
48.12,10.70 
48.13,10.62 
48.14,10.77 
48.15,10.60 
48.16,10.44 
48.17,10.40 
48.18,10.44 
48.19,10.38 
48.20,10.36 
48.21,10.46 
48.22,10.54 
48.23,10.41 
48.24,10.18 
48.25,10.25 
48.26,10.24 
48.27,10.52 
48.28,10.28 
48.29,10.25 
48.30,10.24 
48.31,10.18 
48.32,10.18 
48.33,10.13 
48.34,10.18 
48.35,10.18 
48.36,10.17 
48.37,10.38 
48.38,10.12 
48.39,10.07 
48.40,10.21 
48.41,10.06 
48.42,10.28 
48.43,10.03 
48.44,10.18 
48.45,10.18 
48.46,10.04 
48.47,10.33 
48.48,10.41 
48.49,10.24 
48.50,10.42 
48.51,10.25 
48.52,10.37 
48.53,10.52 
48.54,10.34 
48.55,10.53 
48.56,10.41 
48.57,10.35 
48.58,10.39 
48.59,10.40 
48.60,10.30 
48.61,10.37 
48.62,10.16 
48.63,10.17 
48.64,10.35 
48.65,10.18 
48.66,10.17 
48.67,10.33 
48.68,10.43 
48.69,10.29 
48.70,10.34 
48.71,10.37 
48.72,10.07 
48.73,10.25 
48.74,10.58 
48.75,10.69 
48.76,10.63 
48.77,10.60 
48.78,10.49 
48.79,10.42 
48.80,10.33 
48.81,10.05 
48.82,10.05 
48.83,10.06 
48.84,9.88 
48.85,9.89 
48.86,9.92 
48.87,9.98 
48.88,9.87 
48.89,9.83 
48.90,9.93 
48.91,10.24 
48.92,10.35 
48.93,10.32 
48.94,10.27 
48.95,10.47 
48.96,10.35 
48.97,10.63 
48.98,10.61 
48.99,10.65 
49.00,10.55 
49.01,10.57 
49.02,10.70 
49.03,10.74 
49.04,10.82 
49.05,10.87 
49.06,10.58 
49.07,10.35 
49.08,10.34 
49.09,10.34 
49.10,10.07 
49.11,10.01 
49.12,9.91 
49.13,9.81 
49.14,9.82 
49.15,10.09 
49.16,10.39 
49.17,10.32 
49.18,10.61 
49.19,10.34 
49.20,10.40 
49.21,10.30 
49.22,10.42 
49.23,10.46 
49.24,10.59 
49.25,10.62 
49.26,10.65 
49.27,10.73 
49.28,10.60 
49.29,10.69 
49.30,10.82 
49.31,10.73 
49.32,10.70 
49.33,10.90 
49.34,10.93 
49.35,10.99 
49.36,10.97 
49.37,10.77 
49.38,10.52 
49.39,10.47 
49.40,10.32 
49.41,10.40 
49.42,10.45 
49.43,10.42 
49.44,10.28 
49.45,10.16 
49.46,10.17 
49.47,10.23 
49.48,10.17 
49.49,10.20 
49.50,10.09 
49.51,10.18 
49.52,10.09 
49.53,9.93 
49.54,9.84 
49.55,9.85 
49.56,10.17 
49.57,10.31 
49.58,10.43 
49.59,10.50 
49.60,10.13 
49.61,10.00 
49.62,9.90 
49.63,9.91 
49.64,10.00 
49.65,9.99 
49.66,9.93 
49.67,9.74 
49.68,9.87 
49.69,9.85 
49.70,9.99 
49.71,10.21 
49.72,10.15 
49.73,9.93 
49.74,10.10 
49.75,10.02 
49.76,9.81 
49.77,9.91 
49.78,10.01 
49.79,10.24 
49.80,10.39 
49.81,10.42 
49.82,10.46 
49.83,10.50 
49.84,10.42 
49.85,10.36 
49.86,10.20 
49.87,10.13 
49.88,10.03 
49.89,10.33 
49.90,10.78 
49.91,10.81 
49.92,10.61 
49.93,10.28 
49.94,10.26 
49.95,10.35 
49.96,10.52 
49.97,10.21 
49.98,9.95 
49.99,9.88 
50.00,9.85 
50.01,9.89 
50.02,9.88 
50.03,9.71 
50.04,9.67 
50.05,9.74 
50.06,9.75 
50.07,9.69 
50.08,9.61 
50.09,9.70 
50.10,9.72 
50.11,9.75 
50.12,9.81 
50.13,9.82 
50.14,9.89 
50.15,9.96 
50.16,9.91 
50.17,10.11 
50.18,10.17 
50.19,10.07 
50.20,10.18 
50.21,10.29 
50.22,10.32 
50.23,10.50 
50.24,10.49 
50.25,10.41 
50.26,10.55 
50.27,10.64 
50.28,10.84 
50.29,10.80 
50.30,10.82 
50.31,10.78 
50.32,10.61 
50.33,10.58 
50.34,10.62 
50.35,10.53 
50.36,10.41 
50.37,10.30 
50.38,10.20 
50.39,10.27 
50.40,10.33 
50.41,10.22 
50.42,10.17 
50.43,10.18 
50.44,10.08 
50.45,10.13 
50.46,9.98 
50.47,9.97 
50.48,9.91 
50.49,10.01 
50.50,9.99 
50.51,9.98 
50.52,9.92 
50.53,9.89 
50.54,10.05 
50.55,10.13 
50.56,10.17 
50.57,10.19 
50.58,10.20 
50.59,10.20 
50.60,10.33 
50.61,10.33 
50.62,10.46 
50.63,10.42 
50.64,10.41 
50.65,10.47 
50.66,10.37 
50.67,10.38 
50.68,10.21 
50.69,10.15 
50.70,10.24 
50.71,10.26 
50.72,10.24 
50.73,10.28 
50.74,10.23 
50.75,10.33 
50.76,10.19 
50.77,10.07 
50.78,10.12 
50.79,10.04 
50.80,9.87 
50.81,9.97 
50.82,9.95 
50.83,9.86 
50.84,9.91 
50.85,9.87 
50.86,9.84 
50.87,9.86 
50.88,9.93 
50.89,10.03 
50.90,9.97 
50.91,9.96 
50.92,10.01 
50.93,10.10 
50.94,10.21 
50.95,10.32 
50.96,10.35 
50.97,10.30 
50.98,10.42 
50.99,10.32 
51.00,10.37 
51.01,10.21 
51.02,10.23 
51.03,10.31 
51.04,10.30 
51.05,10.40 
51.06,10.41 
51.07,10.36 
51.08,10.48 
51.09,10.62 
51.10,10.54 
51.11,10.53 
51.12,10.46 
51.13,10.46 
51.14,10.43 
51.15,10.33 
51.16,10.30 
51.17,10.19 
51.18,10.15 
51.19,10.24 
51.20,10.16 
51.21,10.10 
51.22,10.15 
51.23,10.21 
51.24,10.21 
51.25,10.10 
51.26,9.98 
51.27,10.01 
51.28,9.96 
51.29,9.95 
51.30,9.94 
51.31,9.88 
51.32,10.07 
51.33,10.17 
51.34,10.16 
51.35,10.22 
51.36,10.15 
51.37,10.24 
51.38,10.32 
51.39,10.27 
51.40,10.25 
51.41,10.34 
51.42,10.40 
51.43,10.41 
51.44,10.27 
51.45,10.42 
51.46,10.50 
51.47,10.33 
51.48,10.32 
51.49,10.34 
51.50,10.18 
51.51,10.33 
51.52,10.44 
51.53,10.35 
51.54,10.44 
51.55,10.41 
51.56,10.57 
51.57,10.36 
51.58,10.18 
51.59,10.11 
51.60,10.01 
51.61,10.06 
51.62,10.00 
51.63,10.07 
51.64,10.05 
51.65,10.14 
51.66,10.13 
51.67,10.17 
51.68,10.27 
51.69,10.33 
51.70,10.33 
51.71,10.21 
51.72,10.11 
51.73,10.06 
51.74,10.11 
51.75,10.37 
51.76,10.46 
51.77,10.46 
51.78,10.47 
51.79,10.53 
51.80,10.52 
51.81,10.47 
51.82,10.29 
51.83,10.36 
51.84,10.47 
51.85,10.31 
51.86,10.30 
51.87,10.28 
51.88,10.37 
51.89,10.30 
51.90,10.22 
51.91,10.20 
51.92,10.26 
51.93,10.31 
51.94,10.29 
51.95,10.33 
51.96,10.43 
51.97,10.51 
51.98,10.59 
51.99,10.48 
52.00,10.45 
52.01,10.52 
52.02,10.73 
52.03,10.60 
52.04,10.68 
52.05,10.68 
52.06,10.74 
52.07,10.65 
52.08,10.70 
52.09,10.71 
52.10,10.66 
52.11,10.69 
52.12,10.64 
52.13,10.63 
52.14,10.57 
52.15,10.59 
52.16,10.57 
52.17,10.51 
52.18,10.45 
52.19,10.45 
52.20,10.49 
52.21,10.46 
52.22,10.54 
52.23,10.51 
52.24,10.52 
52.25,10.60 
52.26,10.62 
52.27,10.59 
52.28,10.64 
52.29,10.33 
52.30,10.33 
52.31,10.17 
52.32,10.07 
52.33,10.05 
52.34,10.05 
52.35,10.21 
52.36,10.45 
52.37,10.59 
52.38,10.61 
52.39,10.65 
52.40,10.70 
52.41,10.64 
52.42,10.53 
52.43,10.38 
52.44,10.28 
52.45,10.04 
52.46,9.73 
52.47,9.59 
52.48,9.93 
52.49,9.97 
52.50,9.93 
52.51,10.00 
52.52,10.14 
52.53,10.42 
52.54,10.41 
52.55,10.16 
52.56,10.00 
52.57,9.97 
52.58,9.81 
52.59,9.64 
52.60,9.62 
52.61,9.65 
52.62,9.68 
52.63,9.66 
52.64,9.77 
52.65,9.80 
52.66,9.80 
52.67,9.95 
52.68,10.06 
52.69,10.07 
52.70,10.25 
52.71,10.37 
52.72,10.58 
52.73,10.70 
52.74,10.79 
52.75,11.03 
52.76,11.17 
52.77,11.20 
52.78,11.11 
52.79,10.98 
52.80,10.80 
52.81,10.79 
52.82,10.66 
52.83,10.43 
52.84,10.13 
52.85,9.92 
52.86,10.01 
52.87,10.17 
52.88,10.13 
52.89,9.99 
52.90,10.10 
52.91,10.40 
52.92,10.65 
52.93,10.61 
52.94,10.45 
52.95,10.53 
52.96,10.67 
52.97,10.72 
52.98,10.43 
52.99,10.36 
53.00,10.41 
53.01,10.67 
53.02,10.57 
53.03,10.52 
53.04,10.75 
53.05,10.76 
53.06,10.76 
53.07,10.73 
53.08,10.72 
53.09,10.82 
53.10,10.83 
53.11,10.65 
53.12,10.73 
53.13,10.91 
53.14,10.92 
53.15,11.01 
53.16,10.88 
53.17,10.89 
53.18,10.84 
53.19,10.94 
53.20,10.86 
53.21,10.97 
53.22,11.10 
53.23,11.13 
53.24,11.30 
53.25,11.14 
53.26,11.13 
53.27,11.17 
53.28,11.11 
53.29,11.09 
53.30,11.09 
53.31,10.95 
53.32,11.03 
53.33,10.94 
53.34,10.98 
53.35,10.80 
53.36,10.93 
53.37,10.86 
53.38,10.77 
53.39,10.69 
53.40,10.52 
53.41,10.55 
53.42,10.51 
53.43,10.53 
53.44,10.63 
53.45,10.69 
53.46,10.61 
53.47,10.74 
53.48,10.74 
53.49,10.55 
53.50,10.61 
53.51,10.47 
53.52,10.53 
53.53,10.50 
53.54,10.38 
53.55,10.29 
53.56,10.28 
53.57,10.44 
53.58,10.56 
53.59,10.72 
53.60,10.92 
53.61,10.84 
53.62,10.95 
53.63,10.94 
53.64,11.14 
53.65,11.03 
53.66,10.88 
53.67,10.69 
53.68,10.70 
53.69,10.38 
53.70,10.34 
53.71,10.14 
53.72,10.44 
53.73,10.52 
53.74,10.61 
53.75,10.72 
53.76,10.46 
53.77,10.67 
53.78,10.60 
53.79,10.74 
53.80,10.56 
53.81,10.46 
53.82,10.79 
53.83,10.42 
53.84,10.39 
53.85,10.45 
53.86,10.43 
53.87,10.90 
53.88,10.64 
53.89,10.20 
53.90,10.16 
53.91,10.54 
53.92,10.47 
53.93,10.12 
53.94,10.12 
53.95,10.31 
53.96,10.47 
53.97,10.46 
53.98,10.31 
53.99,10.10 
54.00,10.11 
54.01,10.32 
54.02,10.19 
54.03,10.14 
54.04,10.41 
54.05,10.41 
54.06,10.40 
54.07,10.45 
54.08,10.47 
54.09,10.55 
54.10,10.63 
54.11,10.84 
54.12,10.85 
54.13,10.52 
54.14,10.37 
54.15,10.75 
54.16,11.05 
54.17,11.07 
54.18,11.17 
54.19,11.17 
54.20,10.94 
54.21,10.42 
54.22,10.31 
54.23,10.55 
54.24,10.41 
54.25,9.94 
54.26,9.91 
54.27,10.32 
54.28,10.29 
54.29,9.69 
54.30,9.37 
54.31,9.55 
54.32,9.72 
54.33,9.71 
54.34,9.94 
54.35,10.14 
54.36,9.98 
54.37,10.20 
54.38,10.31 
54.39,10.30 
54.40,10.55 
54.41,10.91 
54.42,11.28 
54.43,11.91 
54.44,12.13 
54.45,12.03 
54.46,12.04 
54.47,12.26 
54.48,12.38 
54.49,12.18 
54.50,11.85 
54.51,11.51 
54.52,10.85 
54.53,10.01 
54.54,9.52 
54.55,9.60 
54.56,9.35 
54.57,8.90 
54.58,8.81 
54.59,9.03 
54.60,9.00 
54.61,8.84 
54.62,8.96 
54.63,9.40 
54.64,9.89 
54.65,9.93 
54.66,10.46 
54.67,10.75 
54.68,10.51 
54.69,10.02 
54.70,9.92 
54.71,9.90 
54.72,9.22 
54.73,9.51 
54.74,9.85 
54.75,9.33 
54.76,8.32 
54.77,8.66 
54.78,8.82 
54.79,9.06 
54.80,9.87 
54.81,9.88 
54.82,10.10 
54.83,10.79 
54.84,11.04 
54.85,10.79 
54.86,10.70 
54.87,10.41 
54.88,10.65 
54.89,11.29 
54.90,11.83 
54.91,12.30 
54.92,12.54 
54.93,12.75 
54.94,12.65 
54.95,12.22 
54.96,11.91 
54.97,11.91 
54.98,11.64 
54.99,11.40 
55.00,10.98 
55.01,10.42 
55.02,9.75 
55.03,9.49 
55.04,9.32 
55.05,9.05 
55.06,9.03 
55.07,8.79 
55.08,8.73 
55.09,8.68 
55.10,8.89 
55.11,9.12 
55.12,9.48 
55.13,9.53 
55.14,9.19 
55.15,9.20 
55.16,9.25 
55.17,9.41 
55.18,9.64 
55.19,9.43 
55.20,9.13 
55.21,9.24 
55.22,9.40 
55.23,9.41 
55.24,9.60 
55.25,9.68 
55.26,9.79 
55.27,10.04 
55.28,10.03 
55.29,10.13 
55.30,10.25 
55.31,10.26 
55.32,10.63 
55.33,11.16 
55.34,11.35 
55.35,11.70 
55.36,11.65 
55.37,11.62 
55.38,11.46 
55.39,11.19 
55.40,11.32 
55.41,11.25 
55.42,10.89 
55.43,10.84 
55.44,10.77 
55.45,10.59 
55.46,10.52 
55.47,10.68 
55.48,10.56 
55.49,10.32 
55.50,10.10 
55.51,9.67 
55.52,9.48 
55.53,9.46 
55.54,9.48 
55.55,9.46 
55.56,8.97 
55.57,9.33 
55.58,9.56 
55.59,9.91 
55.60,9.89 
55.61,9.44 
55.62,9.56 
55.63,9.42 
55.64,8.38 
55.65,8.37 
55.66,10.09 
55.67,11.33 
55.68,11.77 
55.69,11.10 
55.70,10.70 
55.71,10.82 
55.72,11.07 
55.73,11.50 
55.74,11.38 
55.75,11.40 
55.76,11.47 
55.77,11.39 
55.78,11.20 
55.79,11.26 
55.80,10.87 
55.81,10.67 
55.82,10.65 
55.83,10.37 
55.84,10.10 
55.85,10.00 
55.86,10.10 
55.87,9.77 
55.88,9.76 
55.89,9.58 
55.90,9.55 
55.91,9.43 
55.92,9.82 
55.93,9.52 
55.94,9.38 
55.95,9.29 
55.96,9.67 
55.97,9.78 
55.98,9.85 
55.99,9.94 
56.00,9.76 
56.01,9.87 
56.02,10.09 
56.03,10.05 
56.04,10.29 
56.05,10.09 
56.06,10.48 
56.07,10.35 
56.08,10.46 
56.09,10.10 
56.10,10.31 
56.11,10.22 
56.12,10.57 
56.13,10.58 
56.14,10.27 
56.15,9.97 
56.16,9.97 
56.17,9.87 
56.18,9.58 
56.19,9.71 
56.20,9.55 
56.21,9.07 
56.22,8.80 
56.23,9.67 
56.24,10.05 
56.25,10.00 
56.26,9.81 
56.27,9.72 
56.28,9.92 
56.29,10.32 
56.30,10.67 
56.31,10.26 
56.32,10.02 
56.33,10.38 
56.34,10.46 
56.35,10.56 
56.36,10.57 
56.37,10.58 
56.38,10.60 
56.39,10.48 
56.40,10.44 
56.41,10.20 
56.42,9.79 
56.43,9.58 
56.44,9.53 
56.45,9.76 
56.46,9.93 
56.47,9.85 
56.48,9.62 
56.49,9.49 
56.50,9.37 
56.51,9.74 
56.52,10.32 
56.53,10.60 
56.54,10.63 
56.55,10.73 
56.56,10.72 
56.57,10.56 
56.58,10.61 
56.59,10.30 
56.60,10.41 
56.61,10.46 
56.62,10.39 
56.63,9.97 
56.64,9.89 
56.65,9.40 
56.66,9.53 
56.67,9.53 
56.68,9.19 
56.69,9.24 
56.70,9.38 
56.71,10.26 
56.72,11.22 
56.73,11.46 
56.74,10.71 
56.75,10.15 
56.76,9.72 
56.77,9.74 
56.78,9.79 
56.79,9.91 
56.80,9.99 
56.81,9.79 
56.82,9.83 
56.83,10.08 
56.84,10.29 
56.85,10.46 
56.86,10.34 
56.87,10.34 
56.88,10.41 
56.89,10.38 
56.90,10.26 
56.91,9.99 
56.92,9.81 
56.93,9.60 
56.94,9.43 
56.95,9.51 
56.96,9.64 
56.97,9.89 
56.98,9.71 
56.99,9.46 
57.00,9.45 
57.01,9.71 
57.02,10.16 
57.03,10.18 
57.04,10.00 
57.05,10.01 
57.06,11.46 
57.07,11.88 
57.08,11.08 
57.09,10.57 
57.10,11.24 
57.11,12.41 
57.12,12.60 
57.13,10.98 
57.14,9.17 
57.15,9.35 
57.16,10.38 
57.17,10.99 
57.18,11.02 
57.19,10.58 
57.20,10.33 
57.21,10.34 
57.22,10.31 
57.23,10.34 
57.24,10.15 
57.25,10.14 
57.26,9.88 
57.27,9.58 
57.28,9.01 
57.29,8.44 
57.30,8.77 
57.31,9.62 
57.32,10.07 
57.33,10.09 
57.34,10.01 
57.35,9.77 
57.36,9.67 
57.37,10.02 
57.38,10.35 
57.39,10.34 
57.40,10.15 
57.41,10.06 
57.42,10.15 
57.43,10.18 
57.44,10.46 
57.45,10.58 
57.46,10.57 
57.47,10.52 
57.48,10.47 
57.49,10.57 
57.50,10.55 
57.51,10.22 
57.52,10.10 
57.53,10.04 
57.54,9.81 
57.55,9.49 
57.56,8.92 
57.57,8.68 
57.58,8.85 
57.59,9.59 
57.60,9.31 
57.61,7.62 
57.62,5.86 
57.63,6.89 
57.64,9.22 
57.65,9.90 
57.66,8.61 
57.67,7.75 
57.68,8.49 
57.69,9.19 
57.70,9.45 
57.71,9.30 
57.72,9.41 
57.73,9.71 
57.74,10.08 
57.75,10.30 
57.76,10.60 
57.77,11.12 
57.78,11.58 
57.79,11.84 
57.80,12.08 
57.81,11.96 
57.82,11.94 
57.83,12.18 
57.84,11.85 
57.85,11.54 
57.86,11.27 
57.87,10.76 
57.88,10.26 
57.89,10.04 
57.90,9.54 
57.91,9.15 
57.92,8.66 
57.93,8.09 
57.94,7.55 
57.95,6.97 
57.96,7.10 
57.97,5.47 
57.98,5.17 
57.99,5.10 
58.00,5.25 
58.01,6.86 
58.02,12.09 
58.03,13.86 
58.04,12.71 
58.05,9.72 
58.06,9.33 
58.07,10.46 
58.08,10.81 
58.09,10.97 
58.10,12.06 
58.11,13.02 
58.12,13.63 
58.13,13.80 
58.14,13.84 
58.15,13.50 
58.16,13.49 
58.17,13.37 
58.18,13.14 
58.19,13.14 
58.20,11.96 
58.21,11.37 
58.22,10.37 
58.23,8.84 
58.24,7.04 
58.25,5.40 
58.26,3.78 
58.27,2.02 
58.28,-0.28 
58.29,-0.91 
58.30,-1.19 
58.31,-1.07 
58.32,-0.52 
58.33,0.31 
58.34,18.83 
58.35,28.02 
58.36,27.61 
58.37,14.80 
58.38,4.60 
58.39,1.53 
58.40,4.28 
58.41,7.84 
58.42,11.05 
58.43,12.71 
58.44,14.20 
58.45,15.78 
58.46,17.07 
58.47,17.73 
58.48,17.73 
58.49,17.50 
58.50,17.07 
58.51,16.52 
58.52,15.63 
58.53,14.96 
58.54,14.56 
58.55,13.27 
58.56,12.74 
58.57,11.94 
58.58,11.19 
58.59,10.44 
58.60,9.64 
58.61,9.16 
58.62,8.75 
58.63,8.38 
58.64,8.09 
58.65,7.83 
58.66,7.70 
58.67,7.60 
58.68,7.58 
58.69,7.60 
58.70,7.63 
58.71,7.73 
58.72,7.88 
58.73,8.19 
58.74,8.55 
58.75,8.85 
58.76,9.04 
58.77,9.25 
58.78,9.55 
58.79,9.72 
58.80,9.89 
58.81,10.13 
58.82,10.35 
58.83,10.75 
58.84,11.06 
58.85,11.21 
58.86,11.23 
58.87,11.11 
58.88,11.19 
58.89,11.07 
58.90,10.97 
58.91,10.77 
58.92,10.66 
58.93,10.36 
58.94,10.51 
58.95,10.43 
58.96,10.34 
58.97,10.36 
58.98,10.39 
58.99,10.35 
59.00,10.22 
59.01,10.21 
59.02,10.26 
59.03,10.42 
59.04,10.27 
59.05,10.07 
59.06,9.98 
59.07,9.90 
59.08,9.88 
59.09,10.22 
59.10,10.32 
59.11,10.50 
59.12,10.63 
59.13,10.59 
59.14,10.67 
59.15,10.68 
59.16,10.66 
59.17,10.56 
59.18,10.48 
59.19,10.53 
59.20,10.46 
59.21,10.44 
59.22,10.45 
59.23,10.31 
59.24,10.15 
59.25,10.02 
59.26,9.93 
59.27,10.05 
59.28,9.92 
59.29,10.04 
59.30,10.28 
59.31,10.42 
59.32,10.60 
59.33,10.58 
59.34,10.57 
59.35,10.76 
59.36,10.23 
59.37,10.31 
59.38,10.24 
59.39,10.14 
59.40,10.25 
59.41,10.11 
59.42,10.42 
59.43,10.76 
59.44,11.03 
59.45,11.05 
59.46,11.06 
59.47,11.05 
59.48,11.15 
59.49,10.93 
59.50,11.04 
59.51,11.01 
59.52,11.09 
59.53,11.06 
59.54,10.98 
59.55,10.69 
59.56,10.73 
59.57,10.71 
59.58,10.49 
59.59,10.35 
59.60,10.34 
59.61,10.36 
59.62,10.25 
59.63,10.27 
59.64,10.29 
59.65,10.35 
59.66,10.33 
59.67,10.29 
59.68,10.33 
59.69,10.24 
59.70,10.42 
59.71,10.56 
59.72,10.43 
59.73,10.55 
59.74,10.56 
59.75,10.60 
59.76,10.57 
59.77,10.51 
59.78,10.44 
59.79,10.41 
59.80,10.39 
59.81,10.39 
59.82,10.43 
59.83,10.36 
59.84,10.38 
59.85,10.31 
59.86,10.43 
59.87,10.40 
59.88,10.29 
59.89,10.25 
59.90,10.25 
59.91,10.18 
59.92,10.18 
59.93,10.05 
59.94,10.01 
59.95,10.04 
59.96,10.17 
59.97,10.14 
59.98,10.13 
59.99,10.05 
60.00,9.97 
60.01,10.01 
60.02,10.01 
60.03,10.10 
60.04,10.21 
60.05,10.23 
60.06,10.20 
60.07,10.21 
60.08,10.11 
60.09,9.96 
60.10,9.94 
60.11,9.98 
60.12,10.05 
60.13,10.09 
60.14,10.18 
60.15,10.17 
60.16,10.04 
60.17,10.09 
60.18,10.26 
60.19,10.25 
60.20,10.15 
60.21,10.18 
60.22,10.22 
60.23,10.36 
60.24,10.40 
60.25,10.33 
60.26,10.33 
60.27,10.20 
60.28,10.31 
60.29,10.36 
60.30,10.43 
60.31,10.36 
60.32,10.24 
60.33,10.20 
60.34,10.17 
60.35,10.38 
60.36,10.39 
60.37,10.41 
60.38,10.44 
60.39,10.44 
60.40,10.42 
60.41,10.35 
60.42,10.32 
60.43,10.23 
60.44,10.29 
60.45,10.23 
60.46,10.03 
60.47,9.92 
60.48,9.92 
60.49,10.03 
60.50,10.19 
60.51,10.27 
60.52,10.41 
60.53,10.59 
60.54,10.75 
60.55,10.88 
60.56,10.96 
60.57,10.99 
60.58,11.04 
60.59,11.15 
60.60,10.95 
60.61,10.89 
60.62,10.89 
60.63,10.74 
60.64,10.66 
60.65,10.52 
60.66,10.61 
60.67,10.54 
60.68,10.52 
60.69,10.44 
60.70,10.46 
60.71,10.69 
60.72,10.48 
60.73,10.56 
60.74,10.64 
60.75,10.71 
60.76,10.76 
60.77,10.75 
60.78,10.73 
60.79,10.66 
60.80,10.77 
60.81,10.84 
60.82,10.83 
60.83,10.63 
60.84,10.53 
60.85,10.49 
60.86,10.48 
60.87,10.41 
60.88,10.29 
60.89,10.24 
60.90,10.32 
60.91,10.25 
60.92,10.34 
60.93,10.49 
60.94,10.47 
60.95,10.61 
60.96,10.63 
60.97,10.72 
60.98,10.77 
60.99,10.78 
61.00,10.57 
61.01,10.61 
61.02,10.62 
61.03,10.69 
61.04,10.61 
61.05,10.58 
61.06,10.68 
61.07,10.64 
61.08,10.58 
61.09,10.66 
61.10,10.68 
61.11,10.58 
61.12,10.60 
61.13,10.63 
61.14,10.59 
61.15,10.51 
61.16,10.37 
61.17,10.50 
61.18,10.51 
61.19,10.53 
61.20,10.48 
61.21,10.66 
61.22,10.64 
61.23,10.71 
61.24,10.74 
61.25,10.81 
61.26,10.95 
61.27,10.77 
61.28,10.86 
61.29,10.91 
61.30,10.83 
61.31,10.88 
61.32,10.95 
61.33,10.96 
61.34,10.92 
61.35,10.74 
61.36,10.55 
61.37,10.51 
61.38,10.59 
61.39,10.58 
61.40,10.60 
61.41,10.44 
61.42,10.48 
61.43,10.60 
61.44,10.68 
61.45,10.59 
61.46,10.45 
61.47,10.35 
61.48,10.34 
61.49,10.44 
61.50,10.59 
61.51,10.47 
61.52,10.59 
61.53,10.60 
61.54,10.77 
61.55,10.83 
61.56,10.71 
61.57,10.59 
61.58,10.77 
61.59,10.82 
61.60,10.92 
61.61,11.10 
61.62,11.06 
61.63,11.03 
61.64,10.94 
61.65,10.92 
61.66,10.95 
61.67,10.99 
61.68,10.85 
61.69,10.76 
61.70,10.86 
61.71,10.31 
61.72,10.01 
61.73,10.66 
61.74,10.55 
61.75,10.00 
61.76,9.87 
61.77,10.27 
61.78,10.66 
61.79,10.84 
61.80,11.05 
61.81,10.95 
61.82,10.76 
61.83,10.59 
61.84,10.22 
61.85,10.39 
61.86,10.47 
61.87,10.50 
61.88,10.67 
61.89,10.87 
61.90,11.04 
61.91,10.96 
61.92,10.81 
61.93,10.94 
61.94,10.94 
61.95,10.86 
61.96,10.71 
61.97,10.76 
61.98,10.71 
61.99,10.65 
62.00,10.73 
62.01,10.74 
62.02,10.99 
62.03,10.96 
62.04,11.03 
62.05,10.93 
62.06,10.81 
62.07,10.86 
62.08,10.65 
62.09,10.72 
62.10,10.81 
62.11,10.72 
62.12,10.68 
62.13,10.63 
62.14,10.46 
62.15,10.17 
62.16,9.92 
62.17,9.78 
62.18,9.78 
62.19,9.70 
62.20,9.42 
62.21,9.34 
62.22,9.31 
62.23,9.58 
62.24,9.95 
62.25,10.13 
62.26,10.11 
62.27,10.44 
62.28,10.61 
62.29,10.68 
62.30,10.75 
62.31,10.85 
62.32,10.86 
62.33,10.88 
62.34,10.73 
62.35,10.86 
62.36,10.72 
62.37,10.58 
62.38,10.70 
62.39,10.65 
62.40,10.66 
62.41,10.44 
62.42,10.62 
62.43,10.70 
62.44,10.50 
62.45,10.64 
62.46,10.56 
62.47,10.88 
62.48,10.78 
62.49,10.99 
62.50,10.72 
62.51,10.84 
62.52,10.69 
62.53,10.58 
62.54,10.42 
62.55,10.43 
62.56,10.38 
62.57,10.26 
62.58,10.25 
62.59,10.19 
62.60,10.15 
62.61,10.38 
62.62,10.37 
62.63,10.22 
62.64,10.30 
62.65,10.45 
62.66,10.50 
62.67,10.49 
62.68,10.41 
62.69,10.21 
62.70,10.12 
62.71,10.28 
62.72,10.14 
62.73,10.03 
62.74,10.21 
62.75,10.31 
62.76,10.25 
62.77,10.30 
62.78,10.34 
62.79,10.47 
62.80,10.58 
62.81,10.61 
62.82,10.35 
62.83,10.47 
62.84,10.47 
62.85,10.34 
62.86,10.38 
62.87,10.42 
62.88,10.54 
62.89,10.62 
62.90,10.58 
62.91,10.41 
62.92,10.46 
62.93,10.70 
62.94,10.60 
62.95,10.54 
62.96,10.16 
62.97,10.12 
62.98,10.16 
62.99,10.15 
63.00,10.24 
63.01,10.12 
63.02,10.16 
63.03,10.17 
63.04,10.19 
63.05,10.23 
63.06,10.12 
63.07,10.16 
63.08,10.12 
63.09,10.16 
63.10,10.50 
63.11,10.59 
63.12,10.40 
63.13,10.67 
63.14,10.43 
63.15,10.53 
63.16,10.42 
63.17,10.22 
63.18,10.10 
63.19,10.31 
63.20,10.35 
63.21,10.57 
63.22,10.75 
63.23,10.57 
63.24,10.64 
63.25,10.64 
63.26,10.38 
63.27,10.26 
63.28,10.30 
63.29,10.12 
63.30,10.14 
63.31,10.07 
63.32,9.97 
63.33,9.99 
63.34,10.13 
63.35,9.92 
63.36,9.79 
63.37,9.70 
63.38,9.76 
63.39,9.98 
63.40,9.99 
63.41,10.06 
63.42,10.24 
63.43,10.25 
63.44,10.22 
63.45,10.48 
63.46,10.55 
63.47,10.51 
63.48,10.45 
63.49,10.43 
63.50,10.57 
63.51,10.63 
63.52,10.38 
63.53,10.51 
63.54,10.63 
63.55,10.61 
63.56,10.65 
63.57,10.45 
63.58,10.34 
63.59,10.37 
63.60,10.27 
63.61,10.35 
63.62,10.13 
63.63,10.05 
63.64,10.11 
63.65,10.25 
63.66,10.24 
63.67,10.51 
63.68,10.44 
63.69,10.49 
63.70,10.50 
63.71,10.66 
63.72,10.69 
63.73,10.68 
63.74,10.75 
63.75,10.63 
63.76,10.56 
63.77,10.46 
63.78,10.39 
63.79,10.24 
63.80,10.48 
63.81,10.52 
63.82,10.43 
63.83,10.43 
63.84,10.34 
63.85,10.10 
63.86,10.00 
63.87,9.95 
63.88,10.00 
63.89,10.21 
63.90,10.34 
63.91,10.32 
63.92,10.43 
63.93,10.33 
63.94,10.31 
63.95,10.31 
63.96,10.37 
63.97,10.41 
63.98,10.39 
63.99,10.37 
64.00,10.35 
64.01,10.11 
64.02,9.93 
64.03,10.10 
64.04,10.28 
64.05,10.36 
64.06,10.35 
64.07,10.40 
64.08,10.39 
64.09,10.11 
64.10,9.98 
64.11,9.95 
64.12,10.14 
64.13,10.32 
64.14,10.15 
64.15,10.28 
64.16,10.55 
64.17,10.62 
64.18,10.73 
64.19,10.55 
64.20,10.60 
64.21,10.70 
64.22,10.62 
64.23,10.55 
64.24,10.52 
64.25,10.52 
64.26,10.59 
64.27,10.71 
64.28,10.64 
64.29,10.51 
64.30,10.44 
64.31,10.17 
64.32,10.20 
64.33,9.81 
64.34,9.66 
64.35,9.62 
64.36,9.58 
64.37,9.58 
64.38,9.67 
64.39,9.79 
64.40,9.88 
64.41,9.88 
64.42,9.80 
64.43,9.76 
64.44,9.80 
64.45,9.83 
64.46,9.87 
64.47,9.97 
64.48,9.99 
64.49,10.13 
64.50,10.29 
64.51,10.60 
64.52,10.53 
64.53,10.53 
64.54,10.44 
64.55,10.47 
64.56,10.45 
64.57,10.41 
64.58,10.19 
64.59,10.31 
64.60,10.47 
64.61,10.51 
64.62,10.40 
64.63,10.33 
64.64,10.16 
64.65,10.06 
64.66,10.00 
64.67,9.96 
64.68,9.93 
64.69,10.10 
64.70,10.08 
64.71,10.07 
64.72,10.26 
64.73,10.26 
64.74,10.36 
64.75,10.37 
64.76,10.37 
64.77,10.39 
64.78,10.44 
64.79,10.53 
64.80,10.76 
64.81,10.62 
64.82,10.83 
64.83,10.75 
64.84,10.51 
64.85,10.33 
64.86,10.22 
64.87,10.06 
64.88,9.57 
64.89,9.34 
64.90,9.40 
64.91,9.44 
64.92,9.48 
64.93,9.43 
64.94,9.42 
64.95,9.46 
64.96,9.53 
64.97,9.62 
64.98,9.74 
64.99,9.79 
65.00,9.97 
65.01,10.15 
65.02,10.33 
65.03,10.55 
65.04,10.81 
65.05,10.82 
65.06,10.80 
65.07,10.81 
65.08,11.00 
65.09,11.06 
65.10,11.08 
65.11,10.98 
65.12,10.72 
65.13,10.77 
65.14,10.53 
65.15,10.43 
65.16,10.33 
65.17,10.34 
65.18,10.29 
65.19,10.06 
65.20,10.07 
65.21,10.02 
65.22,9.87 
65.23,9.98 
65.24,9.90 
65.25,9.73 
65.26,9.79 
65.27,9.73 
65.28,9.77 
65.29,9.82 
65.30,10.07 
65.31,10.17 
65.32,10.27 
65.33,10.47 
65.34,10.65 
65.35,10.81 
65.36,10.91 
65.37,10.96 
65.38,11.03 
65.39,10.91 
65.40,10.87 
65.41,10.70 
65.42,10.54 
65.43,10.38 
65.44,10.15 
65.45,10.01 
65.46,10.02 
65.47,10.13 
65.48,10.02 
65.49,10.02 
65.50,9.93 
65.51,9.87 
65.52,9.90 
65.53,9.91 
65.54,9.86 
65.55,9.83 
65.56,9.85 
65.57,9.81 
65.58,9.74 
65.59,9.84 
65.60,9.97 
65.61,10.12 
65.62,10.23 
65.63,10.34 
65.64,10.28 
65.65,10.22 
65.66,10.24 
65.67,10.09 
65.68,10.06 
65.69,10.08 
65.70,10.19 
65.71,10.50 
65.72,10.53 
65.73,10.58 
65.74,10.50 
65.75,10.64 
65.76,10.79 
65.77,10.65 
65.78,10.55 
65.79,10.48 
65.80,10.31 
65.81,10.35 
65.82,10.29 
65.83,10.23 
65.84,10.28 
65.85,10.28 
65.86,10.23 
65.87,10.28 
65.88,10.32 
65.89,10.30 
65.90,10.20 
65.91,10.28 
65.92,10.15 
65.93,10.06 
65.94,10.05 
65.95,10.04 
65.96,10.11 
65.97,10.08 
65.98,10.18 
65.99,10.26 
66.00,10.22 
66.01,10.21 
66.02,10.17 
66.03,10.08 
66.04,10.11 
66.05,10.12 
66.06,10.13 
66.07,10.24 
66.08,10.25 
66.09,10.32 
66.10,10.42 
66.11,10.53 
66.12,10.50 
66.13,10.59 
66.14,10.57 
66.15,10.63 
66.16,10.56 
66.17,10.47 
66.18,10.42 
66.19,10.36 
66.20,10.28 
66.21,10.25 
66.22,10.19 
66.23,10.21 
66.24,10.16 
66.25,10.08 
66.26,10.07 
66.27,10.06 
66.28,10.02 
66.29,10.01 
66.30,9.91 
66.31,9.98 
66.32,9.88 
66.33,9.93 
66.34,9.86 
66.35,9.90 
66.36,9.92 
66.37,9.94 
66.38,10.18 
66.39,10.27 
66.40,10.36 
66.41,10.61 
66.42,10.55 
66.43,10.50 
66.44,10.47 
66.45,10.56 
66.46,10.65 
66.47,10.70 
66.48,10.89 
66.49,10.77 
66.50,10.67 
66.51,10.58 
66.52,10.43 
66.53,10.30 
66.54,10.18 
66.55,9.96 
66.56,9.84 
66.57,9.86 
66.58,9.96 
66.59,10.04 
66.60,10.08 
66.61,10.11 
66.62,10.07 
66.63,9.95 
66.64,9.88 
66.65,9.86 
66.66,9.84 
66.67,9.76 
66.68,9.78 
66.69,9.83 
66.70,10.13 
66.71,10.63 
66.72,10.84 
66.73,10.71 
66.74,10.49 
66.75,10.44 
66.76,10.41 
66.77,10.32 
66.78,10.24 
66.79,10.28 
66.80,10.35 
66.81,10.24 
66.82,10.16 
66.83,10.17 
66.84,10.42 
66.85,10.55 
66.86,10.49 
66.87,10.28 
66.88,10.27 
66.89,10.34 
66.90,10.30 
66.91,10.29 
66.92,10.30 
66.93,10.47 
66.94,10.68 
66.95,10.46 
66.96,10.31 
66.97,10.30 
66.98,10.23 
66.99,10.18 
67.00,10.15 
67.01,10.18 
67.02,10.26 
67.03,10.30 
67.04,10.36 
67.05,10.31 
67.06,10.40 
67.07,10.51 
67.08,10.59 
67.09,10.53 
67.10,10.43 
67.11,10.57 
67.12,10.48 
67.13,10.27 
67.14,10.20 
67.15,10.09 
67.16,10.13 
67.17,10.28 
67.18,10.27 
67.19,10.16 
67.20,10.16 
67.21,10.28 
67.22,10.35 
67.23,10.33 
67.24,10.42 
67.25,10.39 
67.26,10.43 
67.27,10.47 
67.28,10.54 
67.29,10.53 
67.30,10.53 
67.31,10.62 
67.32,10.66 
67.33,10.52 
67.34,10.50 
67.35,10.51 
67.36,10.43 
67.37,10.32 
67.38,10.43 
67.39,10.48 
67.40,10.54 
67.41,10.61 
67.42,10.72 
67.43,10.58 
67.44,10.43 
67.45,10.38 
67.46,10.25 
67.47,10.21 
67.48,10.00 
67.49,9.86 
67.50,9.93 
67.51,10.10 
67.52,10.20 
67.53,10.23 
67.54,10.39 
67.55,10.40 
67.56,10.47 
67.57,10.54 
67.58,10.49 
67.59,10.49 
67.60,10.67 
67.61,10.76 
67.62,10.72 
67.63,10.64 
67.64,10.51 
67.65,10.60 
67.66,10.64 
67.67,10.63 
67.68,10.55 
67.69,10.53 
67.70,10.52 
67.71,10.42 
67.72,10.34 
67.73,10.30 
67.74,10.24 
67.75,10.24 
67.76,10.43 
67.77,10.55 
67.78,10.35 
67.79,10.33 
67.80,10.46 
67.81,10.50 
67.82,10.18 
67.83,10.32 
67.84,10.26 
67.85,10.28 
67.86,10.29 
67.87,10.07 
67.88,10.06 
67.89,10.19 
67.90,10.27 
67.91,10.32 
67.92,10.35 
67.93,10.31 
67.94,10.41 
67.95,10.47 
67.96,10.57 
67.97,10.49 
67.98,10.43 
67.99,10.47 
68.00,10.44 
68.01,10.47 
68.02,10.49 
68.03,10.59 
68.04,10.58 
68.05,10.43 
68.06,10.61 
68.07,10.58 
68.08,10.56 
68.09,10.41 
68.10,10.48 
68.11,10.51 
68.12,10.46 
68.13,10.51 
68.14,10.36 
68.15,10.52 
68.16,10.44 
68.17,10.59 
68.18,10.47 
68.19,10.54 
68.20,10.53 
68.21,10.45 
68.22,10.54 
68.23,10.48 
68.24,10.54 
68.25,10.49 
68.26,10.58 
68.27,10.57 
68.28,10.71 
68.29,10.58 
68.30,10.64 
68.31,10.57 
68.32,10.66 
68.33,10.70 
68.34,10.80 
68.35,10.73 
68.36,10.88 
68.37,10.82 
68.38,10.86 
68.39,10.82 
68.40,10.83 
68.41,11.01 
68.42,10.91 
68.43,11.00 
68.44,10.78 
68.45,10.60 
68.46,10.59 
68.47,10.52 
68.48,10.52 
68.49,10.59 
68.50,10.88 
68.51,10.83 
68.52,10.91 
68.53,10.81 
68.54,10.97 
68.55,11.05 
68.56,11.10 
68.57,11.14 
68.58,10.96 
68.59,10.96 
68.60,11.09 
68.61,10.98 
68.62,10.94 
68.63,10.61 
68.64,10.47 
68.65,10.28 
68.66,9.97 
68.67,9.92 
68.68,9.60 
68.69,9.66 
68.70,9.70 
68.71,9.85 
68.72,9.94 
68.73,9.79 
68.74,9.94 
68.75,9.91 
68.76,10.10 
68.77,10.10 
68.78,10.21 
68.79,10.11 
68.80,10.09 
68.81,10.04 
68.82,10.20 
68.83,10.15 
68.84,10.24 
68.85,10.22 
68.86,10.47 
68.87,10.70 
68.88,10.53 
68.89,10.59 
68.90,10.45 
68.91,10.43 
68.92,10.38 
68.93,10.38 
68.94,10.28 
68.95,10.35 
68.96,10.34 
68.97,10.38 
68.98,10.48 
68.99,10.63 
69.00,10.78 
69.01,10.80 
69.02,10.75 
69.03,10.66 
69.04,10.85 
69.05,10.79 
69.06,10.48 
69.07,10.52 
69.08,10.74 
69.09,10.55 
69.10,10.57 
69.11,10.59 
69.12,10.42 
69.13,10.46 
69.14,10.52 
69.15,10.49 
69.16,10.59 
69.17,10.69 
69.18,10.60 
69.19,10.65 
69.20,10.63 
69.21,10.51 
69.22,10.44 
69.23,10.47 
69.24,10.52 
69.25,10.52 
69.26,10.52 
69.27,10.47 
69.28,10.30 
69.29,10.27 
69.30,10.07 
69.31,9.81 
69.32,9.82 
69.33,10.04 
69.34,10.04 
69.35,10.10 
69.36,10.26 
69.37,10.28 
69.38,10.28 
69.39,10.43 
69.40,10.53 
69.41,10.52 
69.42,10.54 
69.43,10.62 
69.44,10.78 
69.45,10.79 
69.46,10.61 
69.47,10.58 
69.48,10.58 
69.49,10.49 
69.50,10.43 
69.51,10.44 
69.52,10.44 
69.53,10.19 
69.54,10.31 
69.55,10.45 
69.56,10.19 
69.57,10.32 
69.58,10.46 
69.59,10.32 
69.60,10.20 
69.61,10.30 
69.62,10.24 
69.63,10.06 
69.64,9.98 
69.65,9.84 
69.66,9.67 
69.67,9.97 
69.68,10.41 
69.69,10.00 
69.70,10.08 
69.71,9.98 
69.72,9.94 
69.73,10.15 
69.74,10.21 
69.75,10.12 
69.76,10.60 
69.77,10.77 
69.78,10.74 
69.79,10.75 
69.80,10.99 
69.81,10.76 
69.82,10.21 
69.83,10.27 
69.84,10.65 
69.85,10.64 
69.86,10.50 
69.87,10.78 
69.88,10.81 
69.89,10.68 
69.90,10.59 
69.91,10.62 
69.92,10.38 
69.93,10.36 
69.94,10.30 
69.95,10.25 
69.96,10.23 
69.97,10.16 
69.98,9.86 
69.99,9.75 
70.00,9.62 
70.01,9.40 
70.02,9.44 
70.03,9.74 
70.04,10.46 
70.05,10.83 
70.06,11.00 
70.07,10.05 
70.08,11.55 
70.09,13.29 
70.10,13.31 
70.11,12.31 
70.12,11.39 
70.13,10.41 
70.14,10.22 
70.15,10.62 
70.16,10.70 
70.17,10.03 
70.18,9.24 
70.19,9.02 
70.20,9.11 
70.21,9.12 
70.22,9.01 
70.23,8.93 
70.24,9.16 
70.25,9.39 
70.26,9.41 
70.27,9.22 
70.28,9.03 
70.29,9.03 
70.30,9.48 
70.31,8.55 
70.32,8.31 
70.33,9.41 
70.34,10.19 
70.35,10.36 
70.36,9.93 
70.37,9.49 
70.38,9.77 
70.39,10.18 
70.40,10.32 
70.41,10.04 
70.42,9.92 
70.43,9.95 
70.44,9.79 
70.45,9.46 
70.46,9.14 
70.47,8.99 
70.48,8.97 
70.49,9.01 
70.50,9.14 
70.51,9.23 
70.52,9.33 
70.53,9.39 
70.54,9.35 
70.55,9.36 
70.56,9.48 
70.57,9.64 
70.58,9.82 
70.59,10.36 
70.60,10.67 
70.61,11.00 
70.62,11.13 
70.63,11.38 
70.64,11.69 
70.65,11.88 
70.66,12.32 
70.67,12.77 
70.68,12.43 
70.69,12.12 
70.70,12.08 
70.71,11.93 
70.72,11.22 
70.73,10.80 
70.74,10.68 
70.75,10.73 
70.76,10.39 
70.77,9.89 
70.78,9.48 
70.79,9.48 
70.80,9.45 
70.81,9.15 
70.82,9.16 
70.83,9.07 
70.84,8.73 
70.85,8.23 
70.86,8.56 
70.87,9.47 
70.88,9.88 
70.89,9.34 
70.90,9.03 
70.91,9.19 
70.92,9.99 
70.93,10.62 
70.94,10.75 
70.95,10.78 
70.96,10.74 
70.97,10.71 
70.98,10.76 
70.99,10.67 
71.00,10.70 
71.01,10.51 
71.02,8.49 
71.03,10.43 
71.04,12.66 
71.05,12.05 
71.06,10.47 
71.07,9.56 
71.08,9.90 
71.09,10.25 
71.10,10.05 
71.11,9.77 
71.12,9.59 
71.13,9.75 
71.14,10.02 
71.15,10.19 
71.16,10.36 
71.17,10.41 
71.18,10.29 
71.19,10.38 
71.20,10.63 
71.21,10.75 
71.22,10.83 
71.23,10.61 
71.24,10.63 
71.25,10.47 
71.26,10.37 
71.27,10.26 
71.28,10.33 
71.29,10.27 
71.30,10.07 
71.31,10.07 
71.32,9.79 
71.33,9.78 
71.34,9.75 
71.35,9.91 
71.36,9.66 
71.37,9.98 
71.38,9.35 
71.39,9.36 
71.40,9.43 
71.41,9.23 
71.42,9.56 
71.43,9.11 
71.44,9.21 
71.45,9.61 
71.46,9.59 
71.47,10.09 
71.48,10.23 
71.49,10.31 
71.50,10.20 
71.51,10.11 
71.52,10.30 
71.53,10.41 
71.54,10.15 
71.55,10.15 
71.56,10.15 
71.57,10.11 
71.58,10.12 
71.59,10.04 
71.60,10.15 
71.61,9.97 
71.62,9.81 
71.63,9.59 
71.64,9.55 
71.65,9.42 
71.66,9.51 
71.67,9.48 
71.68,9.52 
71.69,9.54 
71.70,9.61 
71.71,9.64 
71.72,10.17 
71.73,10.42 
71.74,10.38 
71.75,10.43 
71.76,10.58 
71.77,10.66 
71.78,10.61 
71.79,10.60 
71.80,10.41 
71.81,10.26 
71.82,10.01 
71.83,10.14 
71.84,9.96 
71.85,10.14 
71.86,10.13 
71.87,9.93 
71.88,9.73 
71.89,9.95 
71.90,9.95 
71.91,9.74 
71.92,9.94 
71.93,9.81 
71.94,9.87 
71.95,9.73 
71.96,9.82 
71.97,9.91 
71.98,10.04 
71.99,10.11 
72.00,10.23 
72.01,10.02 
72.02,10.12 
72.03,10.32 
72.04,10.08 
72.05,10.30 
72.06,10.23 
72.07,10.49 
72.08,10.77 
72.09,11.27 
72.10,11.34 
72.11,11.31 
72.12,10.84 
72.13,10.28 
72.14,9.93 
72.15,9.61 
72.16,9.93 
72.17,10.18 
72.18,10.20 
72.19,10.23 
72.20,10.06 
72.21,10.01 
72.22,9.88 
72.23,9.98 
72.24,10.10 
72.25,10.22 
72.26,10.41 
72.27,10.23 
72.28,10.15 
72.29,10.01 
72.30,9.98 
72.31,10.26 
72.32,10.34 
72.33,10.28 
72.34,10.21 
72.35,10.14 
72.36,10.07 
72.37,9.93 
72.38,9.78 
72.39,9.50 
72.40,9.53 
72.41,11.10 
72.42,12.26 
72.43,11.31 
72.44,10.28 
72.45,10.03 
72.46,11.16 
72.47,11.26 
72.48,10.27 
72.49,8.77 
72.50,9.22 
72.51,10.28 
72.52,11.01 
72.53,11.27 
72.54,10.96 
72.55,10.78 
72.56,10.68 
72.57,10.73 
72.58,10.89 
72.59,10.85 
72.60,10.80 
72.61,10.53 
72.62,10.05 
72.63,9.48 
72.64,9.04 
72.65,9.31 
72.66,9.65 
72.67,10.40 
72.68,10.57 
72.69,10.32 
72.70,9.96 
72.71,9.60 
72.72,9.21 
72.73,9.24 
72.74,9.62 
72.75,9.78 
72.76,9.85 
72.77,10.03 
72.78,10.02 
72.79,9.97 
72.80,10.18 
72.81,10.32 
72.82,10.39 
72.83,10.63 
72.84,10.78 
72.85,10.98 
72.86,10.95 
72.87,10.80 
72.88,10.77 
72.89,10.61 
72.90,10.31 
72.91,9.92 
72.92,9.40 
72.93,9.02 
72.94,9.20 
72.95,9.28 
72.96,9.19 
72.97,8.03 
72.98,6.79 
72.99,6.64 
73.00,8.23 
73.01,9.15 
73.02,8.57 
73.03,7.70 
73.04,8.14 
73.05,9.08 
73.06,9.15 
73.07,9.26 
73.08,9.57 
73.09,9.93 
73.10,10.34 
73.11,10.63 
73.12,10.77 
73.13,11.14 
73.14,11.45 
73.15,11.63 
73.16,12.19 
73.17,12.25 
73.18,12.19 
73.19,12.30 
73.20,12.33 
73.21,12.09 
73.22,11.85 
73.23,11.37 
73.24,11.02 
73.25,10.47 
73.26,10.37 
73.27,10.05 
73.28,9.47 
73.29,9.22 
73.30,9.02 
73.31,8.47 
73.32,7.84 
73.33,7.28 
73.34,7.02 
73.35,6.54 
73.36,5.39 
73.37,5.77 
73.38,5.68 
73.39,5.60 
73.40,7.26 
73.41,12.17 
73.42,13.87 
73.43,11.92 
73.44,9.54 
73.45,10.18 
73.46,10.88 
73.47,10.95 
73.48,10.77 
73.49,11.79 
73.50,12.62 
73.51,13.36 
73.52,13.59 
73.53,13.55 
73.54,13.61 
73.55,13.45 
73.56,13.20 
73.57,13.16 
73.58,12.98 
73.59,12.59 
73.60,12.07 
73.61,11.64 
73.62,11.17 
73.63,10.58 
73.64,9.72 
73.65,8.42 
73.66,7.12 
73.67,5.80 
73.68,4.34 
73.69,2.61 
73.70,0.98 
73.71,-0.42 
73.72,-1.76 
73.73,-1.61 
73.74,-1.16 
73.75,-0.71 
73.76,6.13 
73.77,22.70 
73.78,30.51 
73.79,22.82 
73.80,7.02 
73.81,1.25 
73.82,3.70 
73.83,8.51 
73.84,12.17 
73.85,14.27 
73.86,14.95 
73.87,15.56 
73.88,16.73 
73.89,17.73 
73.90,18.08 
73.91,18.18 
73.92,17.70 
73.93,17.13 
73.94,16.65 
73.95,15.88 
73.96,14.87 
73.97,13.68 
73.98,12.72 
73.99,11.63 
74.00,10.46 
74.01,9.75 
74.02,9.14 
74.03,8.57 
74.04,8.17 
74.05,7.78 
74.06,7.64 
74.07,7.63 
74.08,7.53 
74.09,7.41 
74.10,7.42 
74.11,7.49 
74.12,7.65 
74.13,7.92 
74.14,8.18 
74.15,8.55 
74.16,8.75 
74.17,8.82 
74.18,8.91 
74.19,9.22 
74.20,9.61 
74.21,10.03 
74.22,10.42 
74.23,10.80 
74.24,11.10 
74.25,11.42 
74.26,11.53 
74.27,11.58 
74.28,11.61 
74.29,11.55 
74.30,11.33 
74.31,11.28 
74.32,11.16 
74.33,10.90 
74.34,10.81 
74.35,10.58 
74.36,10.46 
74.37,10.38 
74.38,10.31 
74.39,10.16 
74.40,9.91 
74.41,9.84 
74.42,9.89 
74.43,9.87 
74.44,9.85 
74.45,9.84 
74.46,9.78 
74.47,9.89 
74.48,9.90 
74.49,10.10 
74.50,10.16 
74.51,10.15 
74.52,10.27 
74.53,10.52 
74.54,10.47 
74.55,10.60 
74.56,10.60 
74.57,10.52 
74.58,10.22 
74.59,10.19 
74.60,10.13 
74.61,10.08 
74.62,10.21 
74.63,10.27 
74.64,10.29 
74.65,10.30 
74.66,10.31 
74.67,10.28 
74.68,10.24 
74.69,10.38 
74.70,10.49 
74.71,10.23 
74.72,10.30 
74.73,10.38 
74.74,10.31 
74.75,10.37 
74.76,10.44 
74.77,10.24 
74.78,10.37 
74.79,10.41 
74.80,10.31 
74.81,10.18 
74.82,10.20 
74.83,9.93 
74.84,10.34 
74.85,10.30 
74.86,10.34 
74.87,10.57 
74.88,10.42 
74.89,10.49 
74.90,10.53 
74.91,10.30 
74.92,10.47 
74.93,10.64 
74.94,10.11 
74.95,9.85 
74.96,9.90 
74.97,9.79 
74.98,9.66 
74.99,9.69 
75.00,9.39 
75.01,9.46 
75.02,9.74 
75.03,9.86 
75.04,10.10 
75.05,10.13 
75.06,10.36 
75.07,10.40 
75.08,10.31 
75.09,10.36 
75.10,10.41 
75.11,10.34 
75.12,10.52 
75.13,10.55 
75.14,10.61 
75.15,10.92 
75.16,10.81 
75.17,10.61 
75.18,10.61 
75.19,10.51 
75.20,10.44 
75.21,10.24 
75.22,10.30 
75.23,10.21 
75.24,9.96 
75.25,9.85 
75.26,10.01 
75.27,10.17 
75.28,10.34 
75.29,10.38 
75.30,10.42 
75.31,10.40 
75.32,10.35 
75.33,10.40 
75.34,10.35 
75.35,10.38 
75.36,10.53 
75.37,10.53 
75.38,10.47 
75.39,10.54 
75.40,10.59 
75.41,10.39 
75.42,10.49 
75.43,10.56 
75.44,10.31 
75.45,10.34 
75.46,10.24 
75.47,10.40 
75.48,10.39 
75.49,10.31 
75.50,10.24 
75.51,10.21 
75.52,10.25 
75.53,10.23 
75.54,10.24 
75.55,10.14 
75.56,10.06 
75.57,10.16 
75.58,10.39 
75.59,10.45 
75.60,10.49 
75.61,10.57 
75.62,10.71 
75.63,10.63 
75.64,10.31 
75.65,10.40 
75.66,10.29 
75.67,10.24 
75.68,10.35 
75.69,10.34 
75.70,10.51 
75.71,10.35 
75.72,10.29 
75.73,10.35 
75.74,10.25 
75.75,10.21 
75.76,10.13 
75.77,10.09 
75.78,10.16 
75.79,10.08 
75.80,10.10 
75.81,10.12 
75.82,9.95 
75.83,10.01 
75.84,10.07 
75.85,10.00 
75.86,10.15 
75.87,10.11 
75.88,10.04 
75.89,10.00 
75.90,10.13 
75.91,10.19 
75.92,10.15 
75.93,10.12 
75.94,10.22 
75.95,10.25 
75.96,10.34 
75.97,10.25 
75.98,10.17 
75.99,10.17 
76.00,10.20 
76.01,10.16 
76.02,10.24 
76.03,10.28 
76.04,10.33 
76.05,10.35 
76.06,10.24 
76.07,10.42 
76.08,10.33 
76.09,10.41 
76.10,10.40 
76.11,10.34 
76.12,10.32 
76.13,10.38 
76.14,10.40 
76.15,10.38 
76.16,10.34 
76.17,10.37 
76.18,10.40 
76.19,10.39 
76.20,10.34 
76.21,10.31 
76.22,10.25 
76.23,10.27 
76.24,10.22 
76.25,10.17 
76.26,10.27 
76.27,10.37 
76.28,10.28 
76.29,10.17 
76.30,10.33 
76.31,10.43 
76.32,10.24 
76.33,10.30 
76.34,10.38 
76.35,10.39 
76.36,10.39 
76.37,10.42 
76.38,10.39 
76.39,10.48 
76.40,10.41 
76.41,10.44 
76.42,10.41 
76.43,10.53 
76.44,10.49 
76.45,10.28 
76.46,10.30 
76.47,10.36 
76.48,10.42 
76.49,10.40 
76.50,10.31 
76.51,10.32 
76.52,10.41 
76.53,10.33 
76.54,10.36 
76.55,10.43 
76.56,10.49 
76.57,10.52 
76.58,10.41 
76.59,10.47 
76.60,10.49 
76.61,10.53 
76.62,10.38 
76.63,10.38 
76.64,10.47 
76.65,10.47 
76.66,10.48 
76.67,10.32 
76.68,10.44 
76.69,10.58 
76.70,10.36 
76.71,10.39 
76.72,10.39 
76.73,10.60 
76.74,10.33 
76.75,10.46 
76.76,10.34 
76.77,10.54 
76.78,10.48 
76.79,10.45 
76.80,10.41 
76.81,10.48 
76.82,10.58 
76.83,10.51 
76.84,10.51 
76.85,10.51 
76.86,10.44 
76.87,10.50 
76.88,10.55 
76.89,10.47 
76.90,10.46 
76.91,10.59 
76.92,10.61 
76.93,10.65 
76.94,10.76 
76.95,10.71 
76.96,10.71 
76.97,10.61 
76.98,10.73 
76.99,10.69 
77.00,10.68 
77.01,10.75 
77.02,10.72 
77.03,10.73 
77.04,10.85 
77.05,10.78 
77.06,10.78 
77.07,10.67 
77.08,10.62 
77.09,10.69 
77.10,10.58 
77.11,10.53 
77.12,10.46 
77.13,10.42 
77.14,10.41 
77.15,10.32 
77.16,10.24 
77.17,10.29 
77.18,10.34 
77.19,10.24 
77.20,10.34 
77.21,10.39 
77.22,10.66 
77.23,10.49 
77.24,10.51 
77.25,10.50 
77.26,10.55 
77.27,10.60 
77.28,10.71 
77.29,10.78 
77.30,10.90 
77.31,10.70 
77.32,10.74 
77.33,10.71 
77.34,10.93 
77.35,10.90 
77.36,10.86 
77.37,10.97 
77.38,10.98 
77.39,10.80 
77.40,10.91 
77.41,10.71 
77.42,10.76 
77.43,10.41 
77.44,10.22 
77.45,10.32 
77.46,10.57 
77.47,9.99 
77.48,9.77 
77.49,9.99 
77.50,10.64 
77.51,10.96 
77.52,10.99 
77.53,10.78 
77.54,10.81 
77.55,10.67 
77.56,10.77 
77.57,10.86 
77.58,10.56 
77.59,10.61 
77.60,10.52 
77.61,10.49 
77.62,10.58 
77.63,10.69 
77.64,10.54 
77.65,10.46 
77.66,10.54 
77.67,10.60 
77.68,10.57 
77.69,10.68 
77.70,10.55 
77.71,10.38 
77.72,10.27 
77.73,10.25 
77.74,10.37 
77.75,10.49 
77.76,10.59 
77.77,10.60 
77.78,10.58 
77.79,10.50 
77.80,10.58 
77.81,10.49 
77.82,10.42 
77.83,10.51 
77.84,10.44 
77.85,10.53 
77.86,10.48 
77.87,10.71 
77.88,10.85 
77.89,10.97 
77.90,10.87 
77.91,10.97 
77.92,10.93 
77.93,10.98 
77.94,10.97 
77.95,10.94 
77.96,10.77 
77.97,10.70 
77.98,10.67 
77.99,10.79 
78.00,10.73 
78.01,10.66 
78.02,10.56 
78.03,10.32 
78.04,10.09 
78.05,10.07 
78.06,9.86 
78.07,9.81 
78.08,9.75 
78.09,9.78 
78.10,9.59 
78.11,9.75 
78.12,9.92 
78.13,10.03 
78.14,10.24 
78.15,10.56 
78.16,10.67 
78.17,10.78 
78.18,10.75 
78.19,10.97 
78.20,10.97 
78.21,11.00 
78.22,10.96 
78.23,11.01 
78.24,11.08 
78.25,11.22 
78.26,11.12 
78.27,11.06 
78.28,11.04 
78.29,11.12 
78.30,10.84 
78.31,10.83 
78.32,10.77 
78.33,10.55 
78.34,10.59 
78.35,10.57 
78.36,10.51 
78.37,10.41 
78.38,10.35 
78.39,10.30 
78.40,10.22 
78.41,10.17 
78.42,10.31 
78.43,10.40 
78.44,10.26 
78.45,10.31 
78.46,10.41 
78.47,10.49 
78.48,10.40 
78.49,10.61 
78.50,10.72 
78.51,10.50 
78.52,10.59 
78.53,10.70 
78.54,10.62 
78.55,10.69 
78.56,10.58 
78.57,10.43 
78.58,10.53 
78.59,10.60 
78.60,10.54 
78.61,10.44 
78.62,10.64 
78.63,10.76 
78.64,10.67 
78.65,10.50 
78.66,10.38 
78.67,10.28 
78.68,10.12 
78.69,10.17 
78.70,10.21 
78.71,10.24 
78.72,10.18 
78.73,10.20 
78.74,10.21 
78.75,10.18 
78.76,10.33 
78.77,10.39 
78.78,10.48 
78.79,10.58 
78.80,10.47 
78.81,10.39 
78.82,10.39 
78.83,10.27 
78.84,10.08 
78.85,10.31 
78.86,10.45 
78.87,10.43 
78.88,10.52 
78.89,10.41 
78.90,10.51 
78.91,10.41 
78.92,10.37 
78.93,10.16 
78.94,10.50 
78.95,10.47 
78.96,10.39 
78.97,10.07 
78.98,10.07 
78.99,10.23 
79.00,9.99 
79.01,10.12 
79.02,10.14 
79.03,10.17 
79.04,10.16 
79.05,10.33 
79.06,10.26 
79.07,10.30 
79.08,10.29 
79.09,10.28 
79.10,10.11 
79.11,10.34 
79.12,10.19 
79.13,10.15 
79.14,10.19 
79.15,10.33 
79.16,10.49 
79.17,10.58 
79.18,10.60 
79.19,10.55 
79.20,10.46 
79.21,10.62 
79.22,10.47 
79.23,10.35 
79.24,10.35 
79.25,10.37 
79.26,10.25 
79.27,10.44 
79.28,10.50 
79.29,10.33 
79.30,10.22 
79.31,10.33 
79.32,10.60 
79.33,10.49 
79.34,10.36 
79.35,10.02 
79.36,9.99 
79.37,10.03 
79.38,10.02 
79.39,9.78 
79.40,9.86 
79.41,9.70 
79.42,9.65 
79.43,9.65 
79.44,9.97 
79.45,9.97 
79.46,10.03 
79.47,10.11 
79.48,10.06 
79.49,10.01 
79.50,10.13 
79.51,10.16 
79.52,9.89 
79.53,10.24 
79.54,10.27 
79.55,10.27 
79.56,10.36 
79.57,10.45 
79.58,10.34 
79.59,10.47 
79.60,10.34 
79.61,10.30 
79.62,10.36 
79.63,10.35 
79.64,10.51 
79.65,10.58 
79.66,10.49 
79.67,10.44 
79.68,10.70 
79.69,10.73 
79.70,10.64 
79.71,10.56 
79.72,10.26 
79.73,10.17 
79.74,10.06 
79.75,9.99 
79.76,9.74 
79.77,9.77 
79.78,9.77 
79.79,9.68 
79.80,9.74 
79.81,9.81 
79.82,9.88 
79.83,9.88 
79.84,9.92 
79.85,9.87 
79.86,9.87 
79.87,9.98 
79.88,9.93 
79.89,10.08 
79.90,10.38 
79.91,10.63 
79.92,10.47 
79.93,10.38 
79.94,10.46 
79.95,10.34 
79.96,10.38 
79.97,10.50 
79.98,10.55 
79.99,10.38 
80.00,10.45 
80.01,10.48 
80.02,10.53 
80.03,10.33 
80.04,10.16 
80.05,10.19 
80.06,10.19 
80.07,10.08 
80.08,9.93 
80.09,9.92 
80.10,10.00 
80.11,10.07 
80.12,10.10 
80.13,10.00 
80.14,9.92 
80.15,9.89 
80.16,9.81 
80.17,9.84 
80.18,9.96 
80.19,9.96 
80.20,9.98 
80.21,10.05 
80.22,10.05 
80.23,10.27 
80.24,10.31 
80.25,10.31 
80.26,10.46 
80.27,10.42 
80.28,10.21 
80.29,10.29 
80.30,10.37 
80.31,10.41 
80.32,10.51 
80.33,10.44 
80.34,10.53 
80.35,10.48 
80.36,10.14 
80.37,10.10 
80.38,10.07 
80.39,10.15 
80.40,10.15 
80.41,10.03 
80.42,9.98 
80.43,9.87 
80.44,9.86 
80.45,10.21 
80.46,10.22 
80.47,10.08 
80.48,10.20 
80.49,10.28 
80.50,10.47 
80.51,10.41 
80.52,10.25 
80.53,10.31 
80.54,10.26 
80.55,10.34 
80.56,10.55 
80.57,10.54 
80.58,10.31 
80.59,10.28 
80.60,10.24 
80.61,10.17 
80.62,10.12 
80.63,10.17 
80.64,9.96 
80.65,9.91 
80.66,9.91 
80.67,9.87 
80.68,9.75 
80.69,9.76 
80.70,9.73 
80.71,9.76 
80.72,9.88 
80.73,10.14 
80.74,10.27 
80.75,10.30 
80.76,10.14 
80.77,9.92 
80.78,10.18 
80.79,10.28 
80.80,10.17 
80.81,10.23 
80.82,10.17 
80.83,10.23 
80.84,10.38 
80.85,10.36 
80.86,10.38 
80.87,10.35 
80.88,10.38 
80.89,10.50 
80.90,10.50 
80.91,10.59 
80.92,10.89 
80.93,10.98 
80.94,11.12 
80.95,10.98 
80.96,11.15 
80.97,10.85 
80.98,10.41 
80.99,10.20 
81.00,9.96 
81.01,9.69 
81.02,9.38 
81.03,9.29 
81.04,9.41 
81.05,9.52 
81.06,9.54 
81.07,9.54 
81.08,9.50 
81.09,9.45 
81.10,9.32 
81.11,9.33 
81.12,9.49 
81.13,9.71 
81.14,9.75 
81.15,9.75 
81.16,9.97 
81.17,9.99 
81.18,10.14 
81.19,10.15 
81.20,10.25 
81.21,10.39 
81.22,10.46 
81.23,10.63 
81.24,10.77 
81.25,10.63 
81.26,10.79 
81.27,10.95 
81.28,10.83 
81.29,10.98 
81.30,11.07 
81.31,10.97 
81.32,10.90 
81.33,10.75 
81.34,10.81 
81.35,10.71 
81.36,10.58 
81.37,10.57 
81.38,10.36 
81.39,10.36 
81.40,10.41 
81.41,10.20 
81.42,10.12 
81.43,10.16 
81.44,9.99 
81.45,9.95 
81.46,9.82 
81.47,9.78 
81.48,9.84 
81.49,9.84 
81.50,9.98 
81.51,10.08 
81.52,10.05 
81.53,10.09 
81.54,10.25 
81.55,10.30 
81.56,10.28 
81.57,10.05 
81.58,10.03 
81.59,10.15 
81.60,10.12 
81.61,10.03 
81.62,10.13 
81.63,10.21 
81.64,10.15 
81.65,10.23 
81.66,10.19 
81.67,10.28 
81.68,10.38 
81.69,10.39 
81.70,10.23 
81.71,10.38 
81.72,10.30 
81.73,10.24 
81.74,10.19 
81.75,10.10 
81.76,9.99 
81.77,10.10 
81.78,10.22 
81.79,10.10 
81.80,10.14 
81.81,10.23 
81.82,10.20 
81.83,10.10 
81.84,10.07 
81.85,10.01 
81.86,10.09 
81.87,10.13 
81.88,10.04 
81.89,10.02 
81.90,10.07 
81.91,10.01 
81.92,10.09 
81.93,10.03 
81.94,10.17 
81.95,10.35 
81.96,10.27 
81.97,10.47 
81.98,10.55 
81.99,10.33 
82.00,10.43 
82.01,10.41 
82.02,10.40 
82.03,10.48 
82.04,10.27 
82.05,10.32 
82.06,10.38 
82.07,10.63 
82.08,10.74 
82.09,10.64 
82.10,10.57 
82.11,10.39 
82.12,10.15 
82.13,10.05 
82.14,9.91 
82.15,9.84 
82.16,9.90 
82.17,10.01 
82.18,10.06 
82.19,10.03 
82.20,10.12 
82.21,10.15 
82.22,10.11 
82.23,10.20 
82.24,10.21 
82.25,10.07 
82.26,10.07 
82.27,10.03 
82.28,10.12 
82.29,10.11 
82.30,10.13 
82.31,10.11 
82.32,10.11 
82.33,10.27 
82.34,10.45 
82.35,10.41 
82.36,10.43 
82.37,10.31 
82.38,10.24 
82.39,10.21 
82.40,10.23 
82.41,10.28 
82.42,10.33 
82.43,10.35 
82.44,10.36 
82.45,10.36 
82.46,10.50 
82.47,10.69 
82.48,10.60 
82.49,10.46 
82.50,10.43 
82.51,10.31 
82.52,10.35 
82.53,10.27 
82.54,10.16 
82.55,10.16 
82.56,10.09 
82.57,10.09 
82.58,10.13 
82.59,10.02 
82.60,10.06 
82.61,10.11 
82.62,10.27 
82.63,10.35 
82.64,10.43 
82.65,10.57 
82.66,10.54 
82.67,10.37 
82.68,10.41 
82.69,10.47 
82.70,10.47 
82.71,10.50 
82.72,10.63 
82.73,10.58 
82.74,10.41 
82.75,10.42 
82.76,10.33 
82.77,10.36 
82.78,10.39 
82.79,10.29 
82.80,10.31 
82.81,10.41 
82.82,10.43 
82.83,10.46 
82.84,10.22 
82.85,10.13 
82.86,10.13 
82.87,10.25 
82.88,10.23 
82.89,10.35 
82.90,10.39 
82.91,10.52 
82.92,10.58 
82.93,10.73 
82.94,10.86 
82.95,10.80 
82.96,10.95 
82.97,10.85 
82.98,10.86 
82.99,10.78 
83.00,10.67 
83.01,10.48 
83.02,10.45 
83.03,10.48 
83.04,10.35 
83.05,10.35 
83.06,10.34 
83.07,10.28 
83.08,10.29 
83.09,10.18 
83.10,10.09 
83.11,10.12 
83.12,10.13 
83.13,10.02 
83.14,10.01 
83.15,10.07 
83.16,10.34 
83.17,10.46 
83.18,10.52 
83.19,10.65 
83.20,10.82 
83.21,10.81 
83.22,10.64 
83.23,10.62 
83.24,10.73 
83.25,10.70 
83.26,10.52 
83.27,10.42 
83.28,10.45 
83.29,10.56 
83.30,10.48 
83.31,10.30 
83.32,10.29 
83.33,10.24 
83.34,10.27 
83.35,10.28 
83.36,10.24 
83.37,10.28 
83.38,10.29 
83.39,10.35 
83.40,10.40 
83.41,10.31 
83.42,10.16 
83.43,10.18 
83.44,10.25 
83.45,10.21 
83.46,10.18 
83.47,10.10 
83.48,9.92 
83.49,9.96 
83.50,10.13 
83.51,10.27 
83.52,10.28 
83.53,10.46 
83.54,10.52 
83.55,10.70 
83.56,10.76 
83.57,10.78 
83.58,10.72 
83.59,10.66 
83.60,10.72 
83.61,10.81 
83.62,10.73 
83.63,10.55 
83.64,10.47 
83.65,10.47 
83.66,10.44 
83.67,10.51 
83.68,10.66 
83.69,10.60 
83.70,10.53 
83.71,10.59 
83.72,10.67 
83.73,10.58 
83.74,10.63 
83.75,10.76 
83.76,10.73 
83.77,10.62 
83.78,10.65 
83.79,10.51 
83.80,10.26 
83.81,10.12 
83.82,10.04 
83.83,9.92 
83.84,9.83 
83.85,9.88 
83.86,9.36 
83.87,8.52 
83.88,9.74 
83.89,10.60 
83.90,10.13 
83.91,10.01 
83.92,9.90 
83.93,10.02 
83.94,10.55 
83.95,10.63 
83.96,10.57 
83.97,10.76 
83.98,10.82 
83.99,11.04 
84.00,11.09 
84.01,11.22 
84.02,11.04 
84.03,10.96 
84.04,10.88 
84.05,10.69 
84.06,10.53 
84.07,10.47 
84.08,10.41 
84.09,10.29 
84.10,10.35 
84.11,9.19 
84.12,8.91 
84.13,9.92 
84.14,10.53 
84.15,10.36 
84.16,10.56 
84.17,10.19 
84.18,10.37 
84.19,10.81 
84.20,10.72 
84.21,10.89 
84.22,10.77 
84.23,10.78 
84.24,10.66 
84.25,10.81 
84.26,10.96 
84.27,10.81 
84.28,10.74 
84.29,10.67 
84.30,10.58 
84.31,10.58 
84.32,10.60 
84.33,10.41 
84.34,10.43 
84.35,10.56 
84.36,10.50 
84.37,10.56 
84.38,10.47 
84.39,10.61 
84.40,10.49 
84.41,10.49 
84.42,10.49 
84.43,10.55 
84.44,10.55 
84.45,10.65 
84.46,10.60 
84.47,10.54 
84.48,10.46 
84.49,10.53 
84.50,10.43 
84.51,10.28 
84.52,10.23 
84.53,10.14 
84.54,10.20 
84.55,10.38 
84.56,10.69 
84.57,10.69 
84.58,10.75 
84.59,10.73 
84.60,10.62 
84.61,10.46 
84.62,10.49 
84.63,10.67 
84.64,10.83 
84.65,10.88 
84.66,11.06 
84.67,10.93 
84.68,10.91 
84.69,10.82 
84.70,10.96 
84.71,11.17 
84.72,10.88 
84.73,10.88 
84.74,10.58 
84.75,10.59 
84.76,10.48 
84.77,10.53 
84.78,10.35 
84.79,10.45 
84.80,10.23 
84.81,10.15 
84.82,10.05 
84.83,9.96 
84.84,9.94 
84.85,9.79 
84.86,10.02 
84.87,10.35 
84.88,10.34 
84.89,10.54 
84.90,10.52 
84.91,10.50 
84.92,10.73 
84.93,10.44 
84.94,10.63 
84.95,10.78 
84.96,10.86 
84.97,10.63 
84.98,10.47 
84.99,10.48 
85.00,10.67 
85.01,10.62 
85.02,10.87 
85.03,10.74 
85.04,10.54 
85.05,10.70 
85.06,10.92 
85.07,10.93 
85.08,10.70 
85.09,10.54 
85.10,10.50 
85.11,10.46 
85.12,10.55 
85.13,10.71 
85.14,10.66 
85.15,10.53 
85.16,10.61 
85.17,10.63 
85.18,10.77 
85.19,10.74 
85.20,10.36 
85.21,10.37 
85.22,10.46 
85.23,10.47 
85.24,10.44 
85.25,10.41 
85.26,10.41 
85.27,10.62 
85.28,10.47 
85.29,10.52 
85.30,10.61 
85.31,10.25 
85.32,10.49 
85.33,10.38 
85.34,10.25 
85.35,10.62 
85.36,10.44 
85.37,10.42 
85.38,10.58 
85.39,10.44 
85.40,10.43 
85.41,10.34 
85.42,10.35 
85.43,10.49 
85.44,10.56 
85.45,10.58 
85.46,10.49 
85.47,10.44 
85.48,10.70 
85.49,10.55 
85.50,10.37 
85.51,10.77 
85.52,10.63 
85.53,10.49 
85.54,10.75 
85.55,10.47 
85.56,10.53 
85.57,10.81 
85.58,10.41 
85.59,10.49 
85.60,10.78 
85.61,10.37 
85.62,10.43 
85.63,10.66 
85.64,10.57 
85.65,10.75 
85.66,10.94 
85.67,11.00 
85.68,11.15 
85.69,11.05 
85.70,10.72 
85.71,10.90 
85.72,11.00 
85.73,10.96 
85.74,10.97 
85.75,10.71 
85.76,10.46 
85.77,10.13 
85.78,10.05 
85.79,10.20 
85.80,9.98 
85.81,9.86 
85.82,9.88 
85.83,9.71 
85.84,9.79 
85.85,9.90 
85.86,9.92 
85.87,10.20 
85.88,10.09 
85.89,10.02 
85.90,10.24 
85.91,10.10 
85.92,10.11 
85.93,10.04 
85.94,9.78 
85.95,9.83 
85.96,9.78 
85.97,9.91 
85.98,10.00 
85.99,9.99 
86.00,10.01 
86.01,9.77 
86.02,9.71 
86.03,9.34 
86.04,9.27 
86.05,9.08 
86.06,9.18 
86.07,9.35 
86.08,9.55 
86.09,9.67 
86.10,9.81 
86.11,10.24 
86.12,10.31 
86.13,10.72 
86.14,11.14 
86.15,11.38 
86.16,11.71 
86.17,11.79 
86.18,11.78 
86.19,11.82 
86.20,12.08 
86.21,12.16 
86.22,11.82 
86.23,11.60 
86.24,11.67 
86.25,11.50 
86.26,11.25 
86.27,11.01 
86.28,10.90 
86.29,10.58 
86.30,10.39 
86.31,9.95 
86.32,9.90 
86.33,9.60 
86.34,9.38 
86.35,9.37 
86.36,9.12 
86.37,9.12 
86.38,7.81 
86.39,8.32 
86.40,11.08 
86.41,11.13 
86.42,9.51 
86.43,9.20 
86.44,9.67 
86.45,10.26 
86.46,10.27 
86.47,10.07 
86.48,9.96 
86.49,10.01 
86.50,10.21 
86.51,10.48 
86.52,10.50 
86.53,10.59 
86.54,10.80 
86.55,10.62 
86.56,10.66 
86.57,10.57 
86.58,10.42 
86.59,10.34 
86.60,10.14 
86.61,10.15 
86.62,10.29 
86.63,10.28 
86.64,10.13 
86.65,9.95 
86.66,9.82 
86.67,9.56 
86.68,9.76 
86.69,9.56 
86.70,9.67 
86.71,9.38 
86.72,9.52 
86.73,9.16 
86.74,9.69 
86.75,9.38 
86.76,9.66 
86.77,9.15 
86.78,9.34 
86.79,9.48 
86.80,9.80 
86.81,9.48 
86.82,9.56 
86.83,9.35 
86.84,9.46 
86.85,9.71 
86.86,9.51 
86.87,9.71 
86.88,9.58 
86.89,9.70 
86.90,9.90 
86.91,9.93 
86.92,10.24 
86.93,10.24 
86.94,10.29 
86.95,10.22 
86.96,10.25 
86.97,10.20 
86.98,10.31 
86.99,10.08 
87.00,10.08 
87.01,10.03 
87.02,9.98 
87.03,9.88 
87.04,9.71 
87.05,9.69 
87.06,9.73 
87.07,9.75 
87.08,9.77 
87.09,9.89 
87.10,9.93 
87.11,9.88 
87.12,10.14 
87.13,10.33 
87.14,10.51 
87.15,10.72 
87.16,10.79 
87.17,10.73 
87.18,10.74 
87.19,10.57 
87.20,10.63 
87.21,10.49 
87.22,10.37 
87.23,10.27 
87.24,9.96 
87.25,9.94 
87.26,9.90 
87.27,9.98 
87.28,9.86 
87.29,9.93 
87.30,9.66 
87.31,9.62 
87.32,9.98 
87.33,9.97 
87.34,10.10 
87.35,9.99 
87.36,10.18 
87.37,9.80 
87.38,9.94 
87.39,10.07 
87.40,10.09 
87.41,9.74 
87.42,9.56 
87.43,9.33 
87.44,9.16 
87.45,9.21 
87.46,9.39 
87.47,9.63 
87.48,9.81 
87.49,9.98 
87.50,10.05 
87.51,10.10 
87.52,10.23 
87.53,10.50 
87.54,10.74 
87.55,11.19 
87.56,11.52 
87.57,11.67 
87.58,11.52 
87.59,11.26 
87.60,10.52 
87.61,10.24 
87.62,10.07 
87.63,10.19 
87.64,10.46 
87.65,10.31 
87.66,10.02 
87.67,10.06 
87.68,9.97 
87.69,9.63 
87.70,9.55 
87.71,9.52 
87.72,9.43 
87.73,9.48 
87.74,9.46 
87.75,9.62 
87.76,9.84 
87.77,9.92 
87.78,10.38 
87.79,10.61 
87.80,10.02 
87.81,9.91 
87.82,9.99 
87.83,10.20 
87.84,10.21 
87.85,9.94 
87.86,9.87 
87.87,10.64 
87.88,12.07 
87.89,11.41 
87.90,10.80 
87.91,11.19 
87.92,11.74 
87.93,11.72 
87.94,10.44 
87.95,9.80 
87.96,10.18 
87.97,10.68 
87.98,10.75 
87.99,10.58 
88.00,10.38 
88.01,10.13 
88.02,9.91 
88.03,10.17 
88.04,10.34 
88.05,10.50 
88.06,10.30 
88.07,9.95 
88.08,9.45 
88.09,8.96 
88.10,8.90 
88.11,9.67 
88.12,11.07 
88.13,11.40 
88.14,11.07 
88.15,10.29 
88.16,9.96 
88.17,9.88 
88.18,9.97 
88.19,9.92 
88.20,9.86 
88.21,9.89 
88.22,9.77 
88.23,9.84 
88.24,10.10 
88.25,10.18 
88.26,10.16 
88.27,10.13 
88.28,10.34 
88.29,10.51 
88.30,10.62 
88.31,10.74 
88.32,10.56 
88.33,10.36 
88.34,10.18 
88.35,9.66 
88.36,9.36 
88.37,9.15 
88.38,9.28 
88.39,9.49 
88.40,9.36 
88.41,7.82 
88.42,6.12 
88.43,6.35 
88.44,8.03 
88.45,8.83 
88.46,8.62 
88.47,8.70 
88.48,9.13 
88.49,9.61 
88.50,9.82 
88.51,9.72 
88.52,9.73 
88.53,9.90 
88.54,10.02 
88.55,10.28 
88.56,10.50 
88.57,10.74 
88.58,10.84 
88.59,11.15 
88.60,11.29 
88.61,11.44 
88.62,11.73 
88.63,11.84 
88.64,11.88 
88.65,11.69 
88.66,11.47 
88.67,10.95 
88.68,10.58 
88.69,10.23 
88.70,9.55 
88.71,9.06 
88.72,8.79 
88.73,8.06 
88.74,7.34 
88.75,6.98 
88.76,7.05 
88.77,5.49 
88.78,5.33 
88.79,5.11 
88.80,5.12 
88.81,8.40 
88.82,14.64 
88.83,15.95 
88.84,12.36 
88.85,8.70 
88.86,9.35 
88.87,10.74 
88.88,11.14 
88.89,11.19 
88.90,12.21 
88.91,12.88 
88.92,13.07 
88.93,13.06 
88.94,13.39 
88.95,13.33 
88.96,13.12 
88.97,13.29 
88.98,13.00 
88.99,12.38 
89.00,11.79 
89.01,11.15 
89.02,10.42 
89.03,8.63 
89.04,6.97 
89.05,5.37 
89.06,3.79 
89.07,2.03 
89.08,0.24 
89.09,-2.20 
89.10,-3.42 
89.11,-3.51 
89.12,-3.64 
89.13,-2.66 
89.14,16.31 
89.15,29.59 
89.16,32.00 
89.17,18.56 
89.18,6.79 
89.19,1.40 
89.20,1.70 
89.21,7.13 
89.22,12.53 
89.23,15.20 
89.24,15.23 
89.25,15.28 
89.26,16.07 
89.27,17.15 
89.28,17.72 
89.29,17.77 
89.30,17.32 
89.31,16.59 
89.32,15.95 
89.33,15.48 
89.34,14.72 
89.35,13.57 
89.36,12.55 
89.37,11.61 
89.38,10.64 
89.39,9.83 
89.40,9.25 
89.41,8.62 
89.42,8.24 
89.43,7.86 
89.44,7.53 
89.45,7.38 
89.46,7.17 
89.47,7.12 
89.48,7.10 
89.49,7.24 
89.50,7.54 
89.51,7.70 
89.52,8.17 
89.53,8.60 
89.54,8.66 
89.55,8.88 
89.56,9.04 
89.57,9.05 
89.58,9.42 
89.59,9.81 
89.60,10.30 
89.61,10.81 
89.62,11.33 
89.63,11.64 
89.64,11.91 
89.65,11.94 
89.66,11.98 
89.67,11.95 
89.68,11.57 
89.69,11.47 
89.70,11.22 
89.71,10.77 
89.72,10.75 
89.73,10.44 
89.74,10.17 
89.75,10.16 
89.76,9.96 
89.77,9.95 
89.78,9.97 
89.79,10.00 
89.80,9.78 
89.81,9.75 
89.82,9.65 
89.83,9.65 
89.84,9.59 
89.85,9.39 
89.86,9.21 
89.87,9.24 
89.88,9.33 
89.89,9.67 
89.90,10.00 
89.91,10.20 
89.92,10.36 
89.93,10.45 
89.94,10.55 
89.95,10.65 
89.96,10.69 
89.97,10.73 
89.98,10.88 
89.99,11.07 
90.00,11.08 
90.01,10.97 
90.02,10.92 
90.03,10.93 
90.04,10.86 
90.05,10.69 
90.06,10.57 
90.07,10.46 
90.08,10.36 
90.09,10.30 
90.10,10.23 
90.11,10.10 
90.12,9.97 
90.13,9.82 
90.14,9.65 
90.15,8.96 
90.16,9.11 
90.17,9.28 
90.18,9.36 
90.19,9.23 
90.20,9.50 
90.21,9.77 
90.22,9.97 
90.23,10.02 
90.24,10.05 
90.25,10.23 
90.26,10.36 
90.27,10.52 
90.28,10.55 
90.29,10.64 
90.30,10.64 
90.31,10.52 
90.32,10.66 
90.33,10.85 
90.34,10.90 
90.35,10.98 
90.36,11.03 
90.37,11.28 
90.38,11.34 
90.39,11.19 
90.40,11.13 
90.41,11.02 
90.42,11.01 
90.43,10.94 
90.44,10.72 
90.45,10.62 
90.46,10.67 
90.47,10.69 
90.48,10.71 
90.49,10.76 
90.50,10.70 
90.51,10.52 
90.52,10.51 
90.53,10.75 
90.54,10.74 
90.55,10.69 
90.56,10.74 
90.57,10.87 
90.58,10.90 
90.59,10.84 
90.60,10.93 
90.61,11.02 
90.62,11.05 
90.63,10.98 
90.64,10.73 
90.65,10.87 
90.66,10.98 
90.67,11.03 
90.68,11.18 
90.69,11.17 
90.70,11.07 
90.71,10.97 
90.72,10.78 
90.73,10.78 
90.74,10.69 
90.75,10.71 
90.76,10.55 
90.77,10.46 
90.78,10.34 
90.79,10.38 
90.80,10.56 
90.81,10.52 
90.82,10.54 
90.83,10.70 
90.84,10.62 
90.85,10.70 
90.86,10.70 
90.87,10.54 
90.88,10.65 
90.89,10.59 
90.90,10.60 
90.91,10.45 
90.92,10.34 
90.93,10.20 
90.94,10.14 
90.95,10.19 
90.96,10.12 
90.97,10.08 
90.98,10.01 
90.99,10.06 
91.00,10.11 
91.01,10.04 
91.02,9.92 
91.03,10.01 
91.04,10.00 
91.05,9.96 
91.06,10.02 
91.07,10.13 
91.08,10.18 
91.09,10.07 
91.10,10.05 
91.11,10.10 
91.12,10.23 
91.13,10.27 
91.14,10.33 
91.15,10.26 
91.16,10.16 
91.17,10.16 
91.18,10.28 
91.19,10.29 
91.20,10.29 
91.21,10.25 
91.22,10.27 
91.23,10.20 
91.24,10.24 
91.25,10.22 
91.26,10.24 
91.27,10.28 
91.28,10.34 
91.29,10.37 
91.30,10.37 
91.31,10.40 
91.32,10.43 
91.33,10.42 
91.34,10.31 
91.35,10.41 
91.36,10.39 
91.37,10.41 
91.38,10.52 
91.39,10.53 
91.40,10.54 
91.41,10.55 
91.42,10.54 
91.43,10.55 
91.44,10.58 
91.45,10.55 
91.46,10.69 
91.47,10.75 
91.48,10.69 
91.49,10.67 
91.50,10.59 
91.51,10.61 
91.52,10.48 
91.53,10.55 
91.54,10.45 
91.55,10.46 
91.56,10.51 
91.57,10.59 
91.58,10.56 
91.59,10.59 
91.60,10.61 
91.61,10.51 
91.62,10.61 
91.63,10.66 
91.64,10.76 
91.65,10.53 
91.66,10.78 
91.67,10.66 
91.68,10.71 
91.69,10.71 
91.70,10.74 
91.71,10.65 
91.72,10.59 
91.73,10.64 
91.74,10.72 
91.75,10.68 
91.76,10.75 
91.77,10.65 
91.78,10.75 
91.79,10.75 
91.80,10.61 
91.81,10.62 
91.82,10.77 
91.83,10.65 
91.84,10.64 
91.85,10.58 
91.86,10.57 
91.87,10.51 
91.88,10.53 
91.89,10.50 
91.90,10.42 
91.91,10.54 
91.92,10.45 
91.93,10.59 
91.94,10.62 
91.95,10.58 
91.96,10.60 
91.97,10.68 
91.98,10.80 
91.99,10.75 
92.00,10.58 
92.01,10.64 
92.02,10.60 
92.03,10.69 
92.04,10.56 
92.05,10.59 
92.06,10.62 
92.07,10.67 
92.08,10.67 
92.09,10.73 
92.10,10.70 
92.11,10.77 
92.12,10.68 
92.13,10.89 
92.14,10.76 
92.15,10.84 
92.16,10.77 
92.17,10.88 
92.18,10.85 
92.19,10.89 
92.20,10.91 
92.21,10.76 
92.22,10.88 
92.23,10.87 
92.24,10.85 
92.25,10.86 
92.26,10.82 
92.27,10.60 
92.28,10.48 
92.29,10.70 
92.30,10.73 
92.31,10.52 
92.32,10.45 
92.33,10.40 
92.34,10.38 
92.35,10.53 
92.36,10.30 
92.37,10.51 
92.38,10.45 
92.39,10.50 
92.40,10.44 
92.41,10.23 
92.42,10.37 
92.43,10.25 
92.44,10.34 
92.45,10.48 
92.46,10.67 
92.47,10.85 
92.48,11.08 
92.49,11.01 
92.50,10.97 
92.51,11.07 
92.52,11.27 
92.53,10.86 
92.54,10.98 
92.55,10.83 
92.56,11.01 
92.57,10.91 
92.58,10.86 
92.59,10.77 
92.60,10.85 
92.61,10.82 
92.62,10.72 
92.63,10.78 
92.64,10.67 
92.65,10.64 
92.66,10.76 
92.67,10.57 
92.68,10.37 
92.69,10.30 
92.70,10.30 
92.71,10.24 
92.72,10.32 
92.73,10.45 
92.74,10.37 
92.75,10.46 
92.76,10.44 
92.77,10.61 
92.78,10.66 
92.79,10.38 
92.80,10.58 
92.81,10.63 
92.82,10.58 
92.83,10.65 
92.84,10.77 
92.85,10.83 
92.86,10.76 
92.87,10.95 
92.88,10.82 
92.89,10.64 
92.90,10.42 
92.91,10.47 
92.92,10.30 
92.93,10.30 
92.94,10.51 
92.95,10.63 
92.96,10.57 
92.97,10.74 
92.98,10.78 
92.99,10.66 
93.00,10.61 
93.01,10.50 
93.02,10.64 
93.03,10.61 
93.04,10.60 
93.05,10.88 
93.06,11.10 
93.07,10.96 
93.08,11.25 
93.09,11.16 
93.10,11.33 
93.11,10.92 
93.12,11.23 
93.13,10.94 
93.14,10.83 
93.15,10.65 
93.16,10.47 
93.17,10.39 
93.18,10.17 
93.19,10.30 
93.20,10.37 
93.21,10.36 
93.22,10.47 
93.23,10.47 
93.24,10.21 
93.25,9.90 
93.26,9.76 
93.27,9.74 
93.28,9.80 
93.29,9.71 
93.30,9.55 
93.31,9.58 
93.32,9.71 
93.33,10.05 
93.34,10.38 
93.35,10.62 
93.36,10.67 
93.37,10.70 
93.38,10.55 
93.39,10.72 
93.40,10.68 
93.41,10.61 
93.42,10.69 
93.43,10.79 
93.44,10.75 
93.45,10.95 
93.46,11.01 
93.47,10.86 
93.48,10.74 
93.49,10.59 
93.50,10.76 
93.51,10.78 
93.52,10.54 
93.53,10.67 
93.54,10.63 
93.55,10.71 
93.56,10.81 
93.57,10.74 
93.58,10.51 
93.59,10.56 
93.60,10.52 
93.61,10.73 
93.62,10.60 
93.63,10.75 
93.64,10.59 
93.65,10.49 
93.66,10.51 
93.67,10.53 
93.68,10.55 
93.69,10.64 
93.70,10.21 
93.71,10.01 
93.72,10.01 
93.73,10.17 
93.74,10.16 
93.75,10.09 
93.76,10.39 
93.77,10.47 
93.78,10.53 
93.79,10.85 
93.80,10.91 
93.81,10.66 
93.82,10.67 
93.83,10.71 
93.84,10.77 
93.85,10.82 
93.86,10.67 
93.87,10.54 
93.88,10.43 
93.89,10.60 
93.90,10.50 
93.91,10.58 
93.92,10.54 
93.93,10.45 
93.94,10.25 
93.95,10.44 
93.96,10.48 
93.97,10.23 
93.98,10.33 
93.99,10.50 
94.00,10.39 
94.01,10.40 
94.02,10.43 
94.03,10.29 
94.04,10.32 
94.05,10.36 
94.06,10.29 
94.07,10.29 
94.08,10.52 
94.09,10.48 
94.10,10.50 
94.11,10.54 
94.12,10.57 
94.13,10.47 
94.14,10.37 
94.15,10.34 
94.16,10.35 
94.17,10.30 
94.18,10.54 
94.19,10.42 
94.20,10.25 
94.21,10.32 
94.22,10.32 
94.23,10.31 
94.24,10.30 
94.25,10.30 
94.26,10.22 
94.27,10.36 
94.28,10.21 
94.29,10.34 
94.30,10.43 
94.31,10.52 
94.32,10.52 
94.33,10.27 
94.34,10.21 
94.35,10.17 
94.36,10.15 
94.37,9.92 
94.38,9.76 
94.39,9.69 
94.40,9.68 
